{
  "features": [
    {
      "geometry": {
        "coordinates": [
          [
            -1.782,
            49.368991
          ],
          [
            -1.783233,
            49.369131
          ],
          [
            -1.783233,
            49.36464
          ],
          [
            -1.790085,
            49.360148
          ],
          [
            -1.796936,
            49.355657
          ],
          [
            -1.824342,
            49.301758
          ],
          [
            -1.824342,
            49.247859
          ],
          [
            -1.906559,
            49.247859
          ],
          [
            -1.906559,
            49.193961
          ],
          [
            -1.906559,
            49.140062
          ],
          [
            -1.906559,
            49.086163
          ],
          [
            -1.906559,
            49.032265
          ],
          [
            -1.906559,
            48.978366
          ],
          [
            -1.906559,
            48.924467
          ],
          [
            -1.906559,
            48.870569
          ],
          [
            -1.858599,
            48.861585
          ],
          [
            -1.851748,
            48.861585
          ],
          [
            -1.844896,
            48.861585
          ],
          [
            -1.838045,
            48.861585
          ],
          [
            -1.831193,
            48.861585
          ],
          [
            -1.824342,
            48.861585
          ],
          [
            -1.817491,
            48.861585
          ],
          [
            -1.810639,
            48.861585
          ],
          [
            -1.808953,
            48.861604
          ]
        ],
        "type": "LineString"
      },
      "properties": {
        "distance_km": 69.505,
        "distance_nm": 37.53,
        "dst_id": "Chausey",
        "pair_id": "Carteret->Chausey",
        "reason": "validated_route",
        "src_id": "Carteret",
        "state": "supported",
        "validation_authority": "GSHHG independent exact (RouteValidator STRtree + prepared intersects, coastal_tolerance_km=0.0)",
        "waypoint_count": 22
      },
      "type": "Feature"
    },
    {
      "geometry": {
        "coordinates": [
          [
            -1.782,
            49.368991
          ],
          [
            -1.783233,
            49.369131
          ],
          [
            -1.783233,
            49.36464
          ],
          [
            -1.790085,
            49.360148
          ],
          [
            -1.796936,
            49.360148
          ],
          [
            -1.803788,
            49.360148
          ],
          [
            -1.810639,
            49.360148
          ],
          [
            -1.817491,
            49.355657
          ],
          [
            -1.8167,
            49.357207
          ]
        ],
        "type": "LineString"
      },
      "properties": {
        "distance_km": 3.668,
        "distance_nm": 1.981,
        "dst_id": "Dielette",
        "pair_id": "Carteret->Dielette",
        "reason": "validated_route",
        "src_id": "Carteret",
        "state": "supported",
        "validation_authority": "GSHHG independent exact (RouteValidator STRtree + prepared intersects, coastal_tolerance_km=0.0)",
        "waypoint_count": 7
      },
      "type": "Feature"
    },
    {
      "geometry": {
        "coordinates": [
          [
            -1.782,
            49.368991
          ],
          [
            -1.783233,
            49.369131
          ],
          [
            -1.783233,
            49.36464
          ],
          [
            -1.790085,
            49.360148
          ],
          [
            -1.796936,
            49.355657
          ],
          [
            -1.824342,
            49.301758
          ],
          [
            -1.824342,
            49.247859
          ],
          [
            -1.906559,
            49.247859
          ],
          [
            -1.995628,
            49.22091
          ],
          [
            -2.002479,
            49.216418
          ],
          [
            -2.009331,
            49.211927
          ],
          [
            -2.009331,
            49.207435
          ],
          [
            -2.009331,
            49.202944
          ],
          [
            -2.009331,
            49.198452
          ],
          [
            -2.016182,
            49.193961
          ],
          [
            -2.016182,
            49.189469
          ],
          [
            -2.016182,
            49.184977
          ],
          [
            -2.016182,
            49.180486
          ],
          [
            -2.016182,
            49.175994
          ],
          [
            -2.016182,
            49.171503
          ],
          [
            -2.016182,
            49.167011
          ],
          [
            -2.023034,
            49.16252
          ],
          [
            -2.023034,
            49.158028
          ],
          [
            -2.029885,
            49.158028
          ],
          [
            -2.036736,
            49.153537
          ],
          [
            -2.043588,
            49.153537
          ],
          [
            -2.050439,
            49.153537
          ],
          [
            -2.057291,
            49.153537
          ],
          [
            -2.064142,
            49.153537
          ],
          [
            -2.070994,
            49.153537
          ],
          [
            -2.077845,
            49.153537
          ],
          [
            -2.084697,
            49.158028
          ],
          [
            -2.091548,
            49.16252
          ],
          [
            -2.098399,
            49.16252
          ],
          [
            -2.105251,
            49.16252
          ],
          [
            -2.112102,
            49.16252
          ],
          [
            -2.118954,
            49.16252
          ],
          [
            -2.125805,
            49.16252
          ],
          [
            -2.132657,
            49.167011
          ],
          [
            -2.132657,
            49.171503
          ],
          [
            -2.139508,
            49.175994
          ],
          [
            -2.132657,
            49.180486
          ],
          [
            -2.125805,
            49.184977
          ],
          [
            -2.123683,
            49.1837
          ]
        ],
        "type": "LineString"
      },
      "properties": {
        "distance_km": 46.841,
        "distance_nm": 25.292,
        "dst_id": "Elizabeth Marina",
        "pair_id": "Carteret->Elizabeth Marina",
        "reason": "validated_route",
        "src_id": "Carteret",
        "state": "supported",
        "validation_authority": "GSHHG independent exact (RouteValidator STRtree + prepared intersects, coastal_tolerance_km=0.0)",
        "waypoint_count": 42
      },
      "type": "Feature"
    },
    {
      "geometry": {
        "coordinates": [
          [
            -1.782,
            49.368991
          ],
          [
            -1.783233,
            49.369131
          ],
          [
            -1.783233,
            49.36464
          ],
          [
            -1.776382,
            49.360148
          ],
          [
            -1.76953,
            49.355657
          ],
          [
            -1.762679,
            49.351165
          ],
          [
            -1.755828,
            49.346673
          ],
          [
            -1.748976,
            49.342182
          ],
          [
            -1.742125,
            49.33769
          ],
          [
            -1.742125,
            49.333199
          ],
          [
            -1.735273,
            49.328707
          ],
          [
            -1.735273,
            49.324216
          ],
          [
            -1.728422,
            49.319724
          ],
          [
            -1.72157,
            49.315233
          ],
          [
            -1.714719,
            49.310741
          ],
          [
            -1.707868,
            49.306249
          ],
          [
            -1.707868,
            49.301758
          ],
          [
            -1.701016,
            49.297266
          ],
          [
            -1.701016,
            49.292775
          ],
          [
            -1.694165,
            49.288283
          ],
          [
            -1.694165,
            49.283792
          ],
          [
            -1.687313,
            49.2793
          ],
          [
            -1.687313,
            49.274809
          ],
          [
            -1.680462,
            49.270317
          ],
          [
            -1.680462,
            49.265825
          ],
          [
            -1.67361,
            49.261334
          ],
          [
            -1.67361,
            49.256842
          ],
          [
            -1.666759,
            49.252351
          ],
          [
            -1.666759,
            49.247859
          ],
          [
            -1.666759,
            49.243368
          ],
          [
            -1.666759,
            49.238876
          ],
          [
            -1.659908,
            49.234385
          ],
          [
            -1.659908,
            49.229893
          ],
          [
            -1.653056,
            49.225401
          ],
          [
            -1.653056,
            49.22091
          ],
          [
            -1.653056,
            49.216418
          ],
          [
            -1.653056,
            49.211927
          ],
          [
            -1.653056,
            49.207435
          ],
          [
            -1.653056,
            49.202944
          ],
          [
            -1.653056,
            49.198452
          ],
          [
            -1.653056,
            49.193961
          ],
          [
            -1.659908,
            49.140062
          ],
          [
            -1.632502,
            49.113113
          ],
          [
            -1.632502,
            49.108621
          ],
          [
            -1.632502,
            49.104129
          ],
          [
            -1.632502,
            49.099638
          ],
          [
            -1.632502,
            49.095146
          ],
          [
            -1.632502,
            49.090655
          ],
          [
            -1.632502,
            49.086163
          ],
          [
            -1.632502,
            49.081672
          ],
          [
            -1.632502,
            49.07718
          ],
          [
            -1.632502,
            49.072689
          ],
          [
            -1.632502,
            49.068197
          ],
          [
            -1.632502,
            49.063705
          ],
          [
            -1.632502,
            49.059214
          ],
          [
            -1.632502,
            49.054722
          ],
          [
            -1.659908,
            49.032265
          ],
          [
            -1.659908,
            48.978366
          ],
          [
            -1.659908,
            48.924467
          ],
          [
            -1.659908,
            48.870569
          ],
          [
            -1.639353,
            48.843619
          ],
          [
            -1.632502,
            48.839128
          ],
          [
            -1.62565,
            48.834636
          ],
          [
            -1.618799,
            48.830145
          ],
          [
            -1.611947,
            48.825653
          ],
          [
            -1.605096,
            48.825653
          ],
          [
            -1.598245,
            48.825653
          ],
          [
            -1.591393,
            48.825653
          ],
          [
            -1.584542,
            48.821161
          ],
          [
            -1.582184,
            48.823107
          ]
        ],
        "type": "LineString"
      },
      "properties": {
        "distance_km": 69.42,
        "distance_nm": 37.484,
        "dst_id": "Granville",
        "pair_id": "Carteret->Granville",
        "reason": "validated_route",
        "src_id": "Carteret",
        "state": "supported",
        "validation_authority": "GSHHG independent exact (RouteValidator STRtree + prepared intersects, coastal_tolerance_km=0.0)",
        "waypoint_count": 68
      },
      "type": "Feature"
    },
    {
      "geometry": {
        "coordinates": [
          [
            -1.782,
            49.368991
          ],
          [
            -1.783233,
            49.369131
          ],
          [
            -1.783233,
            49.36464
          ],
          [
            -1.790085,
            49.360148
          ],
          [
            -1.796936,
            49.360148
          ],
          [
            -1.803788,
            49.360148
          ],
          [
            -1.810639,
            49.360148
          ],
          [
            -1.817491,
            49.360148
          ],
          [
            -1.824342,
            49.360148
          ],
          [
            -1.831193,
            49.360148
          ],
          [
            -1.906559,
            49.355657
          ],
          [
            -1.988776,
            49.355657
          ],
          [
            -2.070994,
            49.355657
          ],
          [
            -2.153211,
            49.355657
          ],
          [
            -2.235428,
            49.355657
          ],
          [
            -2.317645,
            49.355657
          ],
          [
            -2.351903,
            49.391589
          ],
          [
            -2.358754,
            49.391589
          ],
          [
            -2.365605,
            49.391589
          ],
          [
            -2.372457,
            49.396081
          ],
          [
            -2.379308,
            49.396081
          ],
          [
            -2.38616,
            49.400572
          ],
          [
            -2.393011,
            49.400572
          ],
          [
            -2.399863,
            49.405064
          ],
          [
            -2.406714,
            49.405064
          ],
          [
            -2.48208,
            49.409555
          ],
          [
            -2.502634,
            49.432013
          ],
          [
            -2.509486,
            49.436505
          ],
          [
            -2.516337,
            49.440996
          ],
          [
            -2.523188,
            49.445488
          ],
          [
            -2.523501,
            49.44693
          ]
        ],
        "type": "LineString"
      },
      "properties": {
        "distance_km": 59.474,
        "distance_nm": 32.113,
        "dst_id": "Guernsey",
        "pair_id": "Carteret->Guernsey",
        "reason": "validated_route",
        "src_id": "Carteret",
        "state": "supported",
        "validation_authority": "GSHHG independent exact (RouteValidator STRtree + prepared intersects, coastal_tolerance_km=0.0)",
        "waypoint_count": 29
      },
      "type": "Feature"
    },
    {
      "properties": {
        "distance_km": null,
        "distance_nm": null,
        "dst_id": "Saint-Malo",
        "pair_id": "Carteret->Saint-Malo",
        "reason": "isolated_component",
        "src_id": "Carteret",
        "state": "unsupported_no_path",
        "validation_authority": null,
        "waypoint_count": null
      },
      "type": "Feature"
    },
    {
      "geometry": {
        "coordinates": [
          [
            -1.782,
            49.368991
          ],
          [
            -1.783233,
            49.369131
          ],
          [
            -1.783233,
            49.36464
          ],
          [
            -1.790085,
            49.360148
          ],
          [
            -1.796936,
            49.36464
          ],
          [
            -1.803788,
            49.36464
          ],
          [
            -1.810639,
            49.36464
          ],
          [
            -1.817491,
            49.369131
          ],
          [
            -1.824342,
            49.373623
          ],
          [
            -1.831193,
            49.378114
          ],
          [
            -1.838045,
            49.382606
          ],
          [
            -1.844896,
            49.387097
          ],
          [
            -1.906559,
            49.409555
          ],
          [
            -1.988776,
            49.409555
          ],
          [
            -2.070994,
            49.409555
          ],
          [
            -2.153211,
            49.409555
          ],
          [
            -2.235428,
            49.409555
          ],
          [
            -2.317645,
            49.409555
          ],
          [
            -2.317645,
            49.414047
          ],
          [
            -2.317645,
            49.418538
          ],
          [
            -2.324497,
            49.42303
          ],
          [
            -2.331348,
            49.427521
          ],
          [
            -2.3382,
            49.432013
          ],
          [
            -2.339447,
            49.4333
          ]
        ],
        "type": "LineString"
      },
      "properties": {
        "distance_km": 44.644,
        "distance_nm": 24.106,
        "dst_id": "Sark",
        "pair_id": "Carteret->Sark",
        "reason": "validated_route",
        "src_id": "Carteret",
        "state": "supported",
        "validation_authority": "GSHHG independent exact (RouteValidator STRtree + prepared intersects, coastal_tolerance_km=0.0)",
        "waypoint_count": 22
      },
      "type": "Feature"
    },
    {
      "geometry": {
        "coordinates": [
          [
            -1.782,
            49.368991
          ],
          [
            -1.783233,
            49.369131
          ],
          [
            -1.783233,
            49.36464
          ],
          [
            -1.790085,
            49.360148
          ],
          [
            -1.796936,
            49.355657
          ],
          [
            -1.824342,
            49.301758
          ],
          [
            -1.824342,
            49.247859
          ],
          [
            -1.906559,
            49.247859
          ],
          [
            -1.995628,
            49.22091
          ],
          [
            -2.002479,
            49.216418
          ],
          [
            -2.009331,
            49.211927
          ],
          [
            -2.009331,
            49.207435
          ],
          [
            -2.009331,
            49.202944
          ],
          [
            -2.009331,
            49.198452
          ],
          [
            -2.016182,
            49.193961
          ],
          [
            -2.016182,
            49.189469
          ],
          [
            -2.016182,
            49.184977
          ],
          [
            -2.016182,
            49.180486
          ],
          [
            -2.016182,
            49.175994
          ],
          [
            -2.016182,
            49.171503
          ],
          [
            -2.016182,
            49.167011
          ],
          [
            -2.023034,
            49.16252
          ],
          [
            -2.023034,
            49.158028
          ],
          [
            -2.029885,
            49.158028
          ],
          [
            -2.036736,
            49.153537
          ],
          [
            -2.043588,
            49.153537
          ],
          [
            -2.050439,
            49.153537
          ],
          [
            -2.057291,
            49.153537
          ],
          [
            -2.064142,
            49.153537
          ],
          [
            -2.070994,
            49.153537
          ],
          [
            -2.077845,
            49.153537
          ],
          [
            -2.084697,
            49.158028
          ],
          [
            -2.091548,
            49.16252
          ],
          [
            -2.098399,
            49.167011
          ],
          [
            -2.105251,
            49.167011
          ],
          [
            -2.105677,
            49.1667
          ]
        ],
        "type": "LineString"
      },
      "properties": {
        "distance_km": 42.07,
        "distance_nm": 22.716,
        "dst_id": "St Aubin",
        "pair_id": "Carteret->St Aubin",
        "reason": "validated_route",
        "src_id": "Carteret",
        "state": "supported",
        "validation_authority": "GSHHG independent exact (RouteValidator STRtree + prepared intersects, coastal_tolerance_km=0.0)",
        "waypoint_count": 34
      },
      "type": "Feature"
    },
    {
      "geometry": {
        "coordinates": [
          [
            -1.782,
            49.368991
          ],
          [
            -1.783233,
            49.369131
          ],
          [
            -1.783233,
            49.36464
          ],
          [
            -1.790085,
            49.360148
          ],
          [
            -1.796936,
            49.355657
          ],
          [
            -1.824342,
            49.301758
          ],
          [
            -1.824342,
            49.247859
          ],
          [
            -1.906559,
            49.247859
          ],
          [
            -1.995628,
            49.22091
          ],
          [
            -2.002479,
            49.216418
          ],
          [
            -2.009331,
            49.211927
          ],
          [
            -2.009331,
            49.207435
          ],
          [
            -2.009331,
            49.202944
          ],
          [
            -2.009331,
            49.198452
          ],
          [
            -2.016182,
            49.193961
          ],
          [
            -2.016182,
            49.189469
          ],
          [
            -2.016182,
            49.184977
          ],
          [
            -2.016182,
            49.180486
          ],
          [
            -2.016182,
            49.175994
          ],
          [
            -2.016182,
            49.171503
          ],
          [
            -2.016182,
            49.167011
          ],
          [
            -2.023034,
            49.16252
          ],
          [
            -2.023034,
            49.158028
          ],
          [
            -2.029885,
            49.158028
          ],
          [
            -2.036736,
            49.153537
          ],
          [
            -2.043588,
            49.153537
          ],
          [
            -2.050439,
            49.153537
          ],
          [
            -2.057291,
            49.153537
          ],
          [
            -2.064142,
            49.153537
          ],
          [
            -2.070994,
            49.153537
          ],
          [
            -2.077845,
            49.153537
          ],
          [
            -2.084697,
            49.158028
          ],
          [
            -2.091548,
            49.158028
          ],
          [
            -2.098399,
            49.158028
          ],
          [
            -2.105251,
            49.158028
          ],
          [
            -2.112102,
            49.158028
          ],
          [
            -2.118954,
            49.158028
          ],
          [
            -2.125805,
            49.158028
          ],
          [
            -2.132657,
            49.158028
          ],
          [
            -2.139508,
            49.158028
          ],
          [
            -2.146359,
            49.158028
          ],
          [
            -2.153211,
            49.158028
          ],
          [
            -2.160062,
            49.158028
          ],
          [
            -2.166914,
            49.158028
          ],
          [
            -2.173765,
            49.158028
          ],
          [
            -2.180617,
            49.16252
          ],
          [
            -2.187468,
            49.16252
          ],
          [
            -2.194319,
            49.16252
          ],
          [
            -2.201171,
            49.167011
          ],
          [
            -2.201171,
            49.171503
          ],
          [
            -2.194319,
            49.175994
          ],
          [
            -2.191097,
            49.178204
          ]
        ],
        "type": "LineString"
      },
      "properties": {
        "distance_km": 50.543,
        "distance_nm": 27.291,
        "dst_id": "St Brelade",
        "pair_id": "Carteret->St Brelade",
        "reason": "validated_route",
        "src_id": "Carteret",
        "state": "supported",
        "validation_authority": "GSHHG independent exact (RouteValidator STRtree + prepared intersects, coastal_tolerance_km=0.0)",
        "waypoint_count": 50
      },
      "type": "Feature"
    },
    {
      "geometry": {
        "coordinates": [
          [
            -1.782,
            49.368991
          ],
          [
            -1.783233,
            49.369131
          ],
          [
            -1.783233,
            49.36464
          ],
          [
            -1.790085,
            49.360148
          ],
          [
            -1.796936,
            49.360148
          ],
          [
            -1.803788,
            49.360148
          ],
          [
            -1.810639,
            49.360148
          ],
          [
            -1.817491,
            49.360148
          ],
          [
            -1.824342,
            49.360148
          ],
          [
            -1.831193,
            49.360148
          ],
          [
            -1.906559,
            49.355657
          ],
          [
            -1.988776,
            49.355657
          ],
          [
            -2.070994,
            49.355657
          ],
          [
            -2.153211,
            49.355657
          ],
          [
            -2.235428,
            49.355657
          ],
          [
            -2.317645,
            49.355657
          ],
          [
            -2.351903,
            49.391589
          ],
          [
            -2.358754,
            49.391589
          ],
          [
            -2.365605,
            49.391589
          ],
          [
            -2.372457,
            49.396081
          ],
          [
            -2.379308,
            49.396081
          ],
          [
            -2.38616,
            49.400572
          ],
          [
            -2.393011,
            49.400572
          ],
          [
            -2.399863,
            49.405064
          ],
          [
            -2.406714,
            49.405064
          ],
          [
            -2.48208,
            49.409555
          ],
          [
            -2.502634,
            49.432013
          ],
          [
            -2.509486,
            49.436505
          ],
          [
            -2.516337,
            49.440996
          ],
          [
            -2.523188,
            49.445488
          ],
          [
            -2.523501,
            49.44693
          ]
        ],
        "type": "LineString"
      },
      "properties": {
        "distance_km": 59.474,
        "distance_nm": 32.113,
        "dst_id": "St Peter Port",
        "pair_id": "Carteret->St Peter Port",
        "reason": "validated_route",
        "src_id": "Carteret",
        "state": "supported",
        "validation_authority": "GSHHG independent exact (RouteValidator STRtree + prepared intersects, coastal_tolerance_km=0.0)",
        "waypoint_count": 29
      },
      "type": "Feature"
    },
    {
      "geometry": {
        "coordinates": [
          [
            -1.808953,
            48.861604
          ],
          [
            -1.810639,
            48.861585
          ],
          [
            -1.817491,
            48.861585
          ],
          [
            -1.824342,
            48.861585
          ],
          [
            -1.831193,
            48.861585
          ],
          [
            -1.838045,
            48.861585
          ],
          [
            -1.844896,
            48.861585
          ],
          [
            -1.851748,
            48.861585
          ],
          [
            -1.858599,
            48.861585
          ],
          [
            -1.906559,
            48.870569
          ],
          [
            -1.906559,
            48.924467
          ],
          [
            -1.906559,
            48.978366
          ],
          [
            -1.906559,
            49.032265
          ],
          [
            -1.906559,
            49.086163
          ],
          [
            -1.906559,
            49.140062
          ],
          [
            -1.906559,
            49.193961
          ],
          [
            -1.906559,
            49.247859
          ],
          [
            -1.824342,
            49.247859
          ],
          [
            -1.824342,
            49.301758
          ],
          [
            -1.817491,
            49.355657
          ],
          [
            -1.8167,
            49.357207
          ]
        ],
        "type": "LineString"
      },
      "properties": {
        "distance_km": 67.389,
        "distance_nm": 36.387,
        "dst_id": "Dielette",
        "pair_id": "Chausey->Dielette",
        "reason": "validated_route",
        "src_id": "Chausey",
        "state": "supported",
        "validation_authority": "GSHHG independent exact (RouteValidator STRtree + prepared intersects, coastal_tolerance_km=0.0)",
        "waypoint_count": 19
      },
      "type": "Feature"
    },
    {
      "geometry": {
        "coordinates": [
          [
            -1.808953,
            48.861604
          ],
          [
            -1.810639,
            48.861585
          ],
          [
            -1.817491,
            48.861585
          ],
          [
            -1.824342,
            48.861585
          ],
          [
            -1.831193,
            48.861585
          ],
          [
            -1.838045,
            48.861585
          ],
          [
            -1.844896,
            48.861585
          ],
          [
            -1.851748,
            48.861585
          ],
          [
            -1.858599,
            48.861585
          ],
          [
            -1.906559,
            48.870569
          ],
          [
            -1.906559,
            48.924467
          ],
          [
            -1.906559,
            48.978366
          ],
          [
            -1.906559,
            49.032265
          ],
          [
            -1.906559,
            49.086163
          ],
          [
            -1.906559,
            49.140062
          ],
          [
            -1.988776,
            49.140062
          ],
          [
            -2.029885,
            49.149045
          ],
          [
            -2.036736,
            49.153537
          ],
          [
            -2.043588,
            49.153537
          ],
          [
            -2.050439,
            49.153537
          ],
          [
            -2.057291,
            49.153537
          ],
          [
            -2.064142,
            49.153537
          ],
          [
            -2.070994,
            49.153537
          ],
          [
            -2.077845,
            49.153537
          ],
          [
            -2.084697,
            49.158028
          ],
          [
            -2.091548,
            49.16252
          ],
          [
            -2.098399,
            49.16252
          ],
          [
            -2.105251,
            49.16252
          ],
          [
            -2.112102,
            49.16252
          ],
          [
            -2.118954,
            49.16252
          ],
          [
            -2.125805,
            49.16252
          ],
          [
            -2.132657,
            49.167011
          ],
          [
            -2.132657,
            49.171503
          ],
          [
            -2.139508,
            49.175994
          ],
          [
            -2.132657,
            49.180486
          ],
          [
            -2.125805,
            49.184977
          ],
          [
            -2.123683,
            49.1837
          ]
        ],
        "type": "LineString"
      },
      "properties": {
        "distance_km": 57.507,
        "distance_nm": 31.051,
        "dst_id": "Elizabeth Marina",
        "pair_id": "Chausey->Elizabeth Marina",
        "reason": "validated_route",
        "src_id": "Chausey",
        "state": "supported",
        "validation_authority": "GSHHG independent exact (RouteValidator STRtree + prepared intersects, coastal_tolerance_km=0.0)",
        "waypoint_count": 35
      },
      "type": "Feature"
    },
    {
      "geometry": {
        "coordinates": [
          [
            -1.808953,
            48.861604
          ],
          [
            -1.810639,
            48.861585
          ],
          [
            -1.803788,
            48.861585
          ],
          [
            -1.796936,
            48.861585
          ],
          [
            -1.790085,
            48.861585
          ],
          [
            -1.783233,
            48.857094
          ],
          [
            -1.776382,
            48.852602
          ],
          [
            -1.742125,
            48.81667
          ],
          [
            -1.659908,
            48.81667
          ],
          [
            -1.639353,
            48.821161
          ],
          [
            -1.632502,
            48.821161
          ],
          [
            -1.62565,
            48.821161
          ],
          [
            -1.618799,
            48.821161
          ],
          [
            -1.611947,
            48.821161
          ],
          [
            -1.605096,
            48.821161
          ],
          [
            -1.598245,
            48.821161
          ],
          [
            -1.591393,
            48.821161
          ],
          [
            -1.584542,
            48.821161
          ],
          [
            -1.582184,
            48.823107
          ]
        ],
        "type": "LineString"
      },
      "properties": {
        "distance_km": 19.654,
        "distance_nm": 10.612,
        "dst_id": "Granville",
        "pair_id": "Chausey->Granville",
        "reason": "validated_route",
        "src_id": "Chausey",
        "state": "supported",
        "validation_authority": "GSHHG independent exact (RouteValidator STRtree + prepared intersects, coastal_tolerance_km=0.0)",
        "waypoint_count": 17
      },
      "type": "Feature"
    },
    {
      "geometry": {
        "coordinates": [
          [
            -1.808953,
            48.861604
          ],
          [
            -1.810639,
            48.861585
          ],
          [
            -1.817491,
            48.861585
          ],
          [
            -1.824342,
            48.861585
          ],
          [
            -1.831193,
            48.861585
          ],
          [
            -1.838045,
            48.861585
          ],
          [
            -1.844896,
            48.861585
          ],
          [
            -1.851748,
            48.861585
          ],
          [
            -1.858599,
            48.861585
          ],
          [
            -1.906559,
            48.870569
          ],
          [
            -1.906559,
            48.924467
          ],
          [
            -1.906559,
            48.978366
          ],
          [
            -1.906559,
            49.032265
          ],
          [
            -1.906559,
            49.086163
          ],
          [
            -1.906559,
            49.140062
          ],
          [
            -1.906559,
            49.193961
          ],
          [
            -1.995628,
            49.216418
          ],
          [
            -1.995628,
            49.22091
          ],
          [
            -2.002479,
            49.225401
          ],
          [
            -2.009331,
            49.229893
          ],
          [
            -2.016182,
            49.234385
          ],
          [
            -2.023034,
            49.238876
          ],
          [
            -2.029885,
            49.243368
          ],
          [
            -2.036736,
            49.247859
          ],
          [
            -2.043588,
            49.252351
          ],
          [
            -2.050439,
            49.256842
          ],
          [
            -2.057291,
            49.261334
          ],
          [
            -2.064142,
            49.265825
          ],
          [
            -2.070994,
            49.270317
          ],
          [
            -2.077845,
            49.270317
          ],
          [
            -2.084697,
            49.270317
          ],
          [
            -2.091548,
            49.270317
          ],
          [
            -2.098399,
            49.270317
          ],
          [
            -2.105251,
            49.270317
          ],
          [
            -2.112102,
            49.270317
          ],
          [
            -2.153211,
            49.301758
          ],
          [
            -2.221725,
            49.310741
          ],
          [
            -2.228577,
            49.310741
          ],
          [
            -2.235428,
            49.355657
          ],
          [
            -2.317645,
            49.355657
          ],
          [
            -2.351903,
            49.391589
          ],
          [
            -2.358754,
            49.391589
          ],
          [
            -2.365605,
            49.391589
          ],
          [
            -2.372457,
            49.396081
          ],
          [
            -2.379308,
            49.396081
          ],
          [
            -2.38616,
            49.400572
          ],
          [
            -2.393011,
            49.400572
          ],
          [
            -2.399863,
            49.405064
          ],
          [
            -2.406714,
            49.405064
          ],
          [
            -2.48208,
            49.409555
          ],
          [
            -2.502634,
            49.432013
          ],
          [
            -2.509486,
            49.436505
          ],
          [
            -2.516337,
            49.440996
          ],
          [
            -2.523188,
            49.445488
          ],
          [
            -2.523501,
            49.44693
          ]
        ],
        "type": "LineString"
      },
      "properties": {
        "distance_km": 102.49,
        "distance_nm": 55.34,
        "dst_id": "Guernsey",
        "pair_id": "Chausey->Guernsey",
        "reason": "validated_route",
        "src_id": "Chausey",
        "state": "supported",
        "validation_authority": "GSHHG independent exact (RouteValidator STRtree + prepared intersects, coastal_tolerance_km=0.0)",
        "waypoint_count": 53
      },
      "type": "Feature"
    },
    {
      "properties": {
        "distance_km": null,
        "distance_nm": null,
        "dst_id": "Saint-Malo",
        "pair_id": "Chausey->Saint-Malo",
        "reason": "isolated_component",
        "src_id": "Chausey",
        "state": "unsupported_no_path",
        "validation_authority": null,
        "waypoint_count": null
      },
      "type": "Feature"
    },
    {
      "geometry": {
        "coordinates": [
          [
            -1.808953,
            48.861604
          ],
          [
            -1.810639,
            48.861585
          ],
          [
            -1.817491,
            48.861585
          ],
          [
            -1.824342,
            48.861585
          ],
          [
            -1.831193,
            48.861585
          ],
          [
            -1.838045,
            48.861585
          ],
          [
            -1.844896,
            48.861585
          ],
          [
            -1.851748,
            48.861585
          ],
          [
            -1.858599,
            48.861585
          ],
          [
            -1.906559,
            48.870569
          ],
          [
            -1.906559,
            48.924467
          ],
          [
            -1.906559,
            48.978366
          ],
          [
            -1.906559,
            49.032265
          ],
          [
            -1.906559,
            49.086163
          ],
          [
            -1.906559,
            49.140062
          ],
          [
            -1.906559,
            49.193961
          ],
          [
            -1.995628,
            49.216418
          ],
          [
            -1.995628,
            49.22091
          ],
          [
            -2.002479,
            49.225401
          ],
          [
            -2.009331,
            49.229893
          ],
          [
            -2.016182,
            49.234385
          ],
          [
            -2.023034,
            49.238876
          ],
          [
            -2.029885,
            49.243368
          ],
          [
            -2.036736,
            49.247859
          ],
          [
            -2.043588,
            49.252351
          ],
          [
            -2.050439,
            49.256842
          ],
          [
            -2.057291,
            49.261334
          ],
          [
            -2.064142,
            49.265825
          ],
          [
            -2.070994,
            49.270317
          ],
          [
            -2.077845,
            49.270317
          ],
          [
            -2.084697,
            49.270317
          ],
          [
            -2.091548,
            49.270317
          ],
          [
            -2.098399,
            49.270317
          ],
          [
            -2.105251,
            49.270317
          ],
          [
            -2.112102,
            49.270317
          ],
          [
            -2.153211,
            49.301758
          ],
          [
            -2.221725,
            49.310741
          ],
          [
            -2.228577,
            49.310741
          ],
          [
            -2.235428,
            49.355657
          ],
          [
            -2.235428,
            49.409555
          ],
          [
            -2.317645,
            49.409555
          ],
          [
            -2.317645,
            49.414047
          ],
          [
            -2.317645,
            49.418538
          ],
          [
            -2.324497,
            49.42303
          ],
          [
            -2.331348,
            49.427521
          ],
          [
            -2.3382,
            49.432013
          ],
          [
            -2.339447,
            49.4333
          ]
        ],
        "type": "LineString"
      },
      "properties": {
        "distance_km": 91.808,
        "distance_nm": 49.572,
        "dst_id": "Sark",
        "pair_id": "Chausey->Sark",
        "reason": "validated_route",
        "src_id": "Chausey",
        "state": "supported",
        "validation_authority": "GSHHG independent exact (RouteValidator STRtree + prepared intersects, coastal_tolerance_km=0.0)",
        "waypoint_count": 45
      },
      "type": "Feature"
    },
    {
      "geometry": {
        "coordinates": [
          [
            -1.808953,
            48.861604
          ],
          [
            -1.810639,
            48.861585
          ],
          [
            -1.817491,
            48.861585
          ],
          [
            -1.824342,
            48.861585
          ],
          [
            -1.831193,
            48.861585
          ],
          [
            -1.838045,
            48.861585
          ],
          [
            -1.844896,
            48.861585
          ],
          [
            -1.851748,
            48.861585
          ],
          [
            -1.858599,
            48.861585
          ],
          [
            -1.906559,
            48.870569
          ],
          [
            -1.906559,
            48.924467
          ],
          [
            -1.906559,
            48.978366
          ],
          [
            -1.906559,
            49.032265
          ],
          [
            -1.906559,
            49.086163
          ],
          [
            -1.906559,
            49.140062
          ],
          [
            -1.988776,
            49.140062
          ],
          [
            -2.029885,
            49.149045
          ],
          [
            -2.036736,
            49.153537
          ],
          [
            -2.043588,
            49.153537
          ],
          [
            -2.050439,
            49.153537
          ],
          [
            -2.057291,
            49.153537
          ],
          [
            -2.064142,
            49.153537
          ],
          [
            -2.070994,
            49.153537
          ],
          [
            -2.077845,
            49.153537
          ],
          [
            -2.084697,
            49.158028
          ],
          [
            -2.091548,
            49.16252
          ],
          [
            -2.098399,
            49.167011
          ],
          [
            -2.105251,
            49.167011
          ],
          [
            -2.105677,
            49.1667
          ]
        ],
        "type": "LineString"
      },
      "properties": {
        "distance_km": 52.735,
        "distance_nm": 28.475,
        "dst_id": "St Aubin",
        "pair_id": "Chausey->St Aubin",
        "reason": "validated_route",
        "src_id": "Chausey",
        "state": "supported",
        "validation_authority": "GSHHG independent exact (RouteValidator STRtree + prepared intersects, coastal_tolerance_km=0.0)",
        "waypoint_count": 27
      },
      "type": "Feature"
    },
    {
      "geometry": {
        "coordinates": [
          [
            -1.808953,
            48.861604
          ],
          [
            -1.810639,
            48.861585
          ],
          [
            -1.817491,
            48.861585
          ],
          [
            -1.824342,
            48.861585
          ],
          [
            -1.831193,
            48.861585
          ],
          [
            -1.838045,
            48.861585
          ],
          [
            -1.844896,
            48.861585
          ],
          [
            -1.851748,
            48.861585
          ],
          [
            -1.858599,
            48.861585
          ],
          [
            -1.906559,
            48.870569
          ],
          [
            -1.906559,
            48.924467
          ],
          [
            -1.906559,
            48.978366
          ],
          [
            -1.906559,
            49.032265
          ],
          [
            -1.906559,
            49.086163
          ],
          [
            -1.906559,
            49.140062
          ],
          [
            -1.988776,
            49.140062
          ],
          [
            -2.029885,
            49.149045
          ],
          [
            -2.036736,
            49.153537
          ],
          [
            -2.043588,
            49.153537
          ],
          [
            -2.050439,
            49.153537
          ],
          [
            -2.057291,
            49.153537
          ],
          [
            -2.064142,
            49.153537
          ],
          [
            -2.070994,
            49.153537
          ],
          [
            -2.077845,
            49.153537
          ],
          [
            -2.084697,
            49.158028
          ],
          [
            -2.091548,
            49.158028
          ],
          [
            -2.098399,
            49.158028
          ],
          [
            -2.105251,
            49.158028
          ],
          [
            -2.112102,
            49.158028
          ],
          [
            -2.118954,
            49.158028
          ],
          [
            -2.125805,
            49.158028
          ],
          [
            -2.132657,
            49.158028
          ],
          [
            -2.139508,
            49.158028
          ],
          [
            -2.146359,
            49.158028
          ],
          [
            -2.153211,
            49.158028
          ],
          [
            -2.160062,
            49.158028
          ],
          [
            -2.166914,
            49.158028
          ],
          [
            -2.173765,
            49.158028
          ],
          [
            -2.180617,
            49.16252
          ],
          [
            -2.187468,
            49.16252
          ],
          [
            -2.194319,
            49.16252
          ],
          [
            -2.201171,
            49.167011
          ],
          [
            -2.201171,
            49.171503
          ],
          [
            -2.194319,
            49.175994
          ],
          [
            -2.191097,
            49.178204
          ]
        ],
        "type": "LineString"
      },
      "properties": {
        "distance_km": 61.208,
        "distance_nm": 33.05,
        "dst_id": "St Brelade",
        "pair_id": "Chausey->St Brelade",
        "reason": "validated_route",
        "src_id": "Chausey",
        "state": "supported",
        "validation_authority": "GSHHG independent exact (RouteValidator STRtree + prepared intersects, coastal_tolerance_km=0.0)",
        "waypoint_count": 43
      },
      "type": "Feature"
    },
    {
      "geometry": {
        "coordinates": [
          [
            -1.808953,
            48.861604
          ],
          [
            -1.810639,
            48.861585
          ],
          [
            -1.817491,
            48.861585
          ],
          [
            -1.824342,
            48.861585
          ],
          [
            -1.831193,
            48.861585
          ],
          [
            -1.838045,
            48.861585
          ],
          [
            -1.844896,
            48.861585
          ],
          [
            -1.851748,
            48.861585
          ],
          [
            -1.858599,
            48.861585
          ],
          [
            -1.906559,
            48.870569
          ],
          [
            -1.906559,
            48.924467
          ],
          [
            -1.906559,
            48.978366
          ],
          [
            -1.906559,
            49.032265
          ],
          [
            -1.906559,
            49.086163
          ],
          [
            -1.906559,
            49.140062
          ],
          [
            -1.906559,
            49.193961
          ],
          [
            -1.995628,
            49.216418
          ],
          [
            -1.995628,
            49.22091
          ],
          [
            -2.002479,
            49.225401
          ],
          [
            -2.009331,
            49.229893
          ],
          [
            -2.016182,
            49.234385
          ],
          [
            -2.023034,
            49.238876
          ],
          [
            -2.029885,
            49.243368
          ],
          [
            -2.036736,
            49.247859
          ],
          [
            -2.043588,
            49.252351
          ],
          [
            -2.050439,
            49.256842
          ],
          [
            -2.057291,
            49.261334
          ],
          [
            -2.064142,
            49.265825
          ],
          [
            -2.070994,
            49.270317
          ],
          [
            -2.077845,
            49.270317
          ],
          [
            -2.084697,
            49.270317
          ],
          [
            -2.091548,
            49.270317
          ],
          [
            -2.098399,
            49.270317
          ],
          [
            -2.105251,
            49.270317
          ],
          [
            -2.112102,
            49.270317
          ],
          [
            -2.153211,
            49.301758
          ],
          [
            -2.221725,
            49.310741
          ],
          [
            -2.228577,
            49.310741
          ],
          [
            -2.235428,
            49.355657
          ],
          [
            -2.317645,
            49.355657
          ],
          [
            -2.351903,
            49.391589
          ],
          [
            -2.358754,
            49.391589
          ],
          [
            -2.365605,
            49.391589
          ],
          [
            -2.372457,
            49.396081
          ],
          [
            -2.379308,
            49.396081
          ],
          [
            -2.38616,
            49.400572
          ],
          [
            -2.393011,
            49.400572
          ],
          [
            -2.399863,
            49.405064
          ],
          [
            -2.406714,
            49.405064
          ],
          [
            -2.48208,
            49.409555
          ],
          [
            -2.502634,
            49.432013
          ],
          [
            -2.509486,
            49.436505
          ],
          [
            -2.516337,
            49.440996
          ],
          [
            -2.523188,
            49.445488
          ],
          [
            -2.523501,
            49.44693
          ]
        ],
        "type": "LineString"
      },
      "properties": {
        "distance_km": 102.49,
        "distance_nm": 55.34,
        "dst_id": "St Peter Port",
        "pair_id": "Chausey->St Peter Port",
        "reason": "validated_route",
        "src_id": "Chausey",
        "state": "supported",
        "validation_authority": "GSHHG independent exact (RouteValidator STRtree + prepared intersects, coastal_tolerance_km=0.0)",
        "waypoint_count": 53
      },
      "type": "Feature"
    },
    {
      "geometry": {
        "coordinates": [
          [
            -1.8167,
            49.357207
          ],
          [
            -1.817491,
            49.355657
          ],
          [
            -1.824342,
            49.301758
          ],
          [
            -1.824342,
            49.247859
          ],
          [
            -1.906559,
            49.247859
          ],
          [
            -1.995628,
            49.22091
          ],
          [
            -2.002479,
            49.216418
          ],
          [
            -2.009331,
            49.211927
          ],
          [
            -2.009331,
            49.207435
          ],
          [
            -2.009331,
            49.202944
          ],
          [
            -2.009331,
            49.198452
          ],
          [
            -2.016182,
            49.193961
          ],
          [
            -2.016182,
            49.189469
          ],
          [
            -2.016182,
            49.184977
          ],
          [
            -2.016182,
            49.180486
          ],
          [
            -2.016182,
            49.175994
          ],
          [
            -2.016182,
            49.171503
          ],
          [
            -2.016182,
            49.167011
          ],
          [
            -2.023034,
            49.16252
          ],
          [
            -2.023034,
            49.158028
          ],
          [
            -2.029885,
            49.158028
          ],
          [
            -2.036736,
            49.153537
          ],
          [
            -2.043588,
            49.153537
          ],
          [
            -2.050439,
            49.153537
          ],
          [
            -2.057291,
            49.153537
          ],
          [
            -2.064142,
            49.153537
          ],
          [
            -2.070994,
            49.153537
          ],
          [
            -2.077845,
            49.153537
          ],
          [
            -2.084697,
            49.158028
          ],
          [
            -2.091548,
            49.16252
          ],
          [
            -2.098399,
            49.16252
          ],
          [
            -2.105251,
            49.16252
          ],
          [
            -2.112102,
            49.16252
          ],
          [
            -2.118954,
            49.16252
          ],
          [
            -2.125805,
            49.16252
          ],
          [
            -2.132657,
            49.167011
          ],
          [
            -2.132657,
            49.171503
          ],
          [
            -2.139508,
            49.175994
          ],
          [
            -2.132657,
            49.180486
          ],
          [
            -2.125805,
            49.184977
          ],
          [
            -2.123683,
            49.1837
          ]
        ],
        "type": "LineString"
      },
      "properties": {
        "distance_km": 44.725,
        "distance_nm": 24.149,
        "dst_id": "Elizabeth Marina",
        "pair_id": "Dielette->Elizabeth Marina",
        "reason": "validated_route",
        "src_id": "Dielette",
        "state": "supported",
        "validation_authority": "GSHHG independent exact (RouteValidator STRtree + prepared intersects, coastal_tolerance_km=0.0)",
        "waypoint_count": 39
      },
      "type": "Feature"
    },
    {
      "geometry": {
        "coordinates": [
          [
            -1.8167,
            49.357207
          ],
          [
            -1.817491,
            49.355657
          ],
          [
            -1.810639,
            49.355657
          ],
          [
            -1.803788,
            49.355657
          ],
          [
            -1.796936,
            49.351165
          ],
          [
            -1.790085,
            49.346673
          ],
          [
            -1.783233,
            49.342182
          ],
          [
            -1.776382,
            49.33769
          ],
          [
            -1.76953,
            49.333199
          ],
          [
            -1.762679,
            49.328707
          ],
          [
            -1.755828,
            49.324216
          ],
          [
            -1.748976,
            49.319724
          ],
          [
            -1.742125,
            49.315233
          ],
          [
            -1.735273,
            49.310741
          ],
          [
            -1.728422,
            49.306249
          ],
          [
            -1.72157,
            49.301758
          ],
          [
            -1.72157,
            49.297266
          ],
          [
            -1.714719,
            49.292775
          ],
          [
            -1.714719,
            49.288283
          ],
          [
            -1.707868,
            49.283792
          ],
          [
            -1.701016,
            49.2793
          ],
          [
            -1.694165,
            49.274809
          ],
          [
            -1.687313,
            49.270317
          ],
          [
            -1.680462,
            49.265825
          ],
          [
            -1.67361,
            49.261334
          ],
          [
            -1.67361,
            49.256842
          ],
          [
            -1.666759,
            49.252351
          ],
          [
            -1.666759,
            49.247859
          ],
          [
            -1.666759,
            49.243368
          ],
          [
            -1.666759,
            49.238876
          ],
          [
            -1.659908,
            49.234385
          ],
          [
            -1.659908,
            49.229893
          ],
          [
            -1.653056,
            49.225401
          ],
          [
            -1.653056,
            49.22091
          ],
          [
            -1.653056,
            49.216418
          ],
          [
            -1.653056,
            49.211927
          ],
          [
            -1.653056,
            49.207435
          ],
          [
            -1.653056,
            49.202944
          ],
          [
            -1.653056,
            49.198452
          ],
          [
            -1.653056,
            49.193961
          ],
          [
            -1.659908,
            49.140062
          ],
          [
            -1.632502,
            49.113113
          ],
          [
            -1.632502,
            49.108621
          ],
          [
            -1.632502,
            49.104129
          ],
          [
            -1.632502,
            49.099638
          ],
          [
            -1.632502,
            49.095146
          ],
          [
            -1.632502,
            49.090655
          ],
          [
            -1.632502,
            49.086163
          ],
          [
            -1.632502,
            49.081672
          ],
          [
            -1.632502,
            49.07718
          ],
          [
            -1.632502,
            49.072689
          ],
          [
            -1.632502,
            49.068197
          ],
          [
            -1.632502,
            49.063705
          ],
          [
            -1.632502,
            49.059214
          ],
          [
            -1.632502,
            49.054722
          ],
          [
            -1.659908,
            49.032265
          ],
          [
            -1.659908,
            48.978366
          ],
          [
            -1.659908,
            48.924467
          ],
          [
            -1.659908,
            48.870569
          ],
          [
            -1.639353,
            48.843619
          ],
          [
            -1.632502,
            48.839128
          ],
          [
            -1.62565,
            48.834636
          ],
          [
            -1.618799,
            48.830145
          ],
          [
            -1.611947,
            48.825653
          ],
          [
            -1.605096,
            48.825653
          ],
          [
            -1.598245,
            48.825653
          ],
          [
            -1.591393,
            48.825653
          ],
          [
            -1.584542,
            48.821161
          ],
          [
            -1.582184,
            48.823107
          ]
        ],
        "type": "LineString"
      },
      "properties": {
        "distance_km": 69.621,
        "distance_nm": 37.592,
        "dst_id": "Granville",
        "pair_id": "Dielette->Granville",
        "reason": "validated_route",
        "src_id": "Dielette",
        "state": "supported",
        "validation_authority": "GSHHG independent exact (RouteValidator STRtree + prepared intersects, coastal_tolerance_km=0.0)",
        "waypoint_count": 67
      },
      "type": "Feature"
    },
    {
      "geometry": {
        "coordinates": [
          [
            -1.8167,
            49.357207
          ],
          [
            -1.817491,
            49.355657
          ],
          [
            -1.824342,
            49.355657
          ],
          [
            -1.906559,
            49.355657
          ],
          [
            -1.988776,
            49.355657
          ],
          [
            -2.070994,
            49.355657
          ],
          [
            -2.153211,
            49.355657
          ],
          [
            -2.235428,
            49.355657
          ],
          [
            -2.317645,
            49.355657
          ],
          [
            -2.351903,
            49.391589
          ],
          [
            -2.358754,
            49.391589
          ],
          [
            -2.365605,
            49.391589
          ],
          [
            -2.372457,
            49.396081
          ],
          [
            -2.379308,
            49.396081
          ],
          [
            -2.38616,
            49.400572
          ],
          [
            -2.393011,
            49.400572
          ],
          [
            -2.399863,
            49.405064
          ],
          [
            -2.406714,
            49.405064
          ],
          [
            -2.48208,
            49.409555
          ],
          [
            -2.502634,
            49.432013
          ],
          [
            -2.509486,
            49.436505
          ],
          [
            -2.516337,
            49.440996
          ],
          [
            -2.523188,
            49.445488
          ],
          [
            -2.523501,
            49.44693
          ]
        ],
        "type": "LineString"
      },
      "properties": {
        "distance_km": 56.354,
        "distance_nm": 30.429,
        "dst_id": "Guernsey",
        "pair_id": "Dielette->Guernsey",
        "reason": "validated_route",
        "src_id": "Dielette",
        "state": "supported",
        "validation_authority": "GSHHG independent exact (RouteValidator STRtree + prepared intersects, coastal_tolerance_km=0.0)",
        "waypoint_count": 22
      },
      "type": "Feature"
    },
    {
      "properties": {
        "distance_km": null,
        "distance_nm": null,
        "dst_id": "Saint-Malo",
        "pair_id": "Dielette->Saint-Malo",
        "reason": "isolated_component",
        "src_id": "Dielette",
        "state": "unsupported_no_path",
        "validation_authority": null,
        "waypoint_count": null
      },
      "type": "Feature"
    },
    {
      "geometry": {
        "coordinates": [
          [
            -1.8167,
            49.357207
          ],
          [
            -1.817491,
            49.355657
          ],
          [
            -1.817491,
            49.360148
          ],
          [
            -1.817491,
            49.36464
          ],
          [
            -1.824342,
            49.369131
          ],
          [
            -1.831193,
            49.373623
          ],
          [
            -1.838045,
            49.378114
          ],
          [
            -1.844896,
            49.382606
          ],
          [
            -1.906559,
            49.409555
          ],
          [
            -1.988776,
            49.409555
          ],
          [
            -2.070994,
            49.409555
          ],
          [
            -2.153211,
            49.409555
          ],
          [
            -2.235428,
            49.409555
          ],
          [
            -2.317645,
            49.409555
          ],
          [
            -2.317645,
            49.414047
          ],
          [
            -2.317645,
            49.418538
          ],
          [
            -2.324497,
            49.42303
          ],
          [
            -2.331348,
            49.427521
          ],
          [
            -2.3382,
            49.432013
          ],
          [
            -2.339447,
            49.4333
          ]
        ],
        "type": "LineString"
      },
      "properties": {
        "distance_km": 42.392,
        "distance_nm": 22.89,
        "dst_id": "Sark",
        "pair_id": "Dielette->Sark",
        "reason": "validated_route",
        "src_id": "Dielette",
        "state": "supported",
        "validation_authority": "GSHHG independent exact (RouteValidator STRtree + prepared intersects, coastal_tolerance_km=0.0)",
        "waypoint_count": 18
      },
      "type": "Feature"
    },
    {
      "geometry": {
        "coordinates": [
          [
            -1.8167,
            49.357207
          ],
          [
            -1.817491,
            49.355657
          ],
          [
            -1.824342,
            49.301758
          ],
          [
            -1.824342,
            49.247859
          ],
          [
            -1.906559,
            49.247859
          ],
          [
            -1.995628,
            49.22091
          ],
          [
            -2.002479,
            49.216418
          ],
          [
            -2.009331,
            49.211927
          ],
          [
            -2.009331,
            49.207435
          ],
          [
            -2.009331,
            49.202944
          ],
          [
            -2.009331,
            49.198452
          ],
          [
            -2.016182,
            49.193961
          ],
          [
            -2.016182,
            49.189469
          ],
          [
            -2.016182,
            49.184977
          ],
          [
            -2.016182,
            49.180486
          ],
          [
            -2.016182,
            49.175994
          ],
          [
            -2.016182,
            49.171503
          ],
          [
            -2.016182,
            49.167011
          ],
          [
            -2.023034,
            49.16252
          ],
          [
            -2.023034,
            49.158028
          ],
          [
            -2.029885,
            49.158028
          ],
          [
            -2.036736,
            49.153537
          ],
          [
            -2.043588,
            49.153537
          ],
          [
            -2.050439,
            49.153537
          ],
          [
            -2.057291,
            49.153537
          ],
          [
            -2.064142,
            49.153537
          ],
          [
            -2.070994,
            49.153537
          ],
          [
            -2.077845,
            49.153537
          ],
          [
            -2.084697,
            49.158028
          ],
          [
            -2.091548,
            49.16252
          ],
          [
            -2.098399,
            49.167011
          ],
          [
            -2.105251,
            49.167011
          ],
          [
            -2.105677,
            49.1667
          ]
        ],
        "type": "LineString"
      },
      "properties": {
        "distance_km": 39.953,
        "distance_nm": 21.573,
        "dst_id": "St Aubin",
        "pair_id": "Dielette->St Aubin",
        "reason": "validated_route",
        "src_id": "Dielette",
        "state": "supported",
        "validation_authority": "GSHHG independent exact (RouteValidator STRtree + prepared intersects, coastal_tolerance_km=0.0)",
        "waypoint_count": 31
      },
      "type": "Feature"
    },
    {
      "geometry": {
        "coordinates": [
          [
            -1.8167,
            49.357207
          ],
          [
            -1.817491,
            49.355657
          ],
          [
            -1.824342,
            49.301758
          ],
          [
            -1.824342,
            49.247859
          ],
          [
            -1.906559,
            49.247859
          ],
          [
            -1.995628,
            49.22091
          ],
          [
            -2.002479,
            49.216418
          ],
          [
            -2.009331,
            49.211927
          ],
          [
            -2.009331,
            49.207435
          ],
          [
            -2.009331,
            49.202944
          ],
          [
            -2.009331,
            49.198452
          ],
          [
            -2.016182,
            49.193961
          ],
          [
            -2.016182,
            49.189469
          ],
          [
            -2.016182,
            49.184977
          ],
          [
            -2.016182,
            49.180486
          ],
          [
            -2.016182,
            49.175994
          ],
          [
            -2.016182,
            49.171503
          ],
          [
            -2.016182,
            49.167011
          ],
          [
            -2.023034,
            49.16252
          ],
          [
            -2.023034,
            49.158028
          ],
          [
            -2.029885,
            49.158028
          ],
          [
            -2.036736,
            49.153537
          ],
          [
            -2.043588,
            49.153537
          ],
          [
            -2.050439,
            49.153537
          ],
          [
            -2.057291,
            49.153537
          ],
          [
            -2.064142,
            49.153537
          ],
          [
            -2.070994,
            49.153537
          ],
          [
            -2.077845,
            49.153537
          ],
          [
            -2.084697,
            49.158028
          ],
          [
            -2.091548,
            49.158028
          ],
          [
            -2.098399,
            49.158028
          ],
          [
            -2.105251,
            49.158028
          ],
          [
            -2.112102,
            49.158028
          ],
          [
            -2.118954,
            49.158028
          ],
          [
            -2.125805,
            49.158028
          ],
          [
            -2.132657,
            49.158028
          ],
          [
            -2.139508,
            49.158028
          ],
          [
            -2.146359,
            49.158028
          ],
          [
            -2.153211,
            49.158028
          ],
          [
            -2.160062,
            49.158028
          ],
          [
            -2.166914,
            49.158028
          ],
          [
            -2.173765,
            49.158028
          ],
          [
            -2.180617,
            49.16252
          ],
          [
            -2.187468,
            49.16252
          ],
          [
            -2.194319,
            49.16252
          ],
          [
            -2.201171,
            49.167011
          ],
          [
            -2.201171,
            49.171503
          ],
          [
            -2.194319,
            49.175994
          ],
          [
            -2.191097,
            49.178204
          ]
        ],
        "type": "LineString"
      },
      "properties": {
        "distance_km": 48.426,
        "distance_nm": 26.148,
        "dst_id": "St Brelade",
        "pair_id": "Dielette->St Brelade",
        "reason": "validated_route",
        "src_id": "Dielette",
        "state": "supported",
        "validation_authority": "GSHHG independent exact (RouteValidator STRtree + prepared intersects, coastal_tolerance_km=0.0)",
        "waypoint_count": 47
      },
      "type": "Feature"
    },
    {
      "geometry": {
        "coordinates": [
          [
            -1.8167,
            49.357207
          ],
          [
            -1.817491,
            49.355657
          ],
          [
            -1.824342,
            49.355657
          ],
          [
            -1.906559,
            49.355657
          ],
          [
            -1.988776,
            49.355657
          ],
          [
            -2.070994,
            49.355657
          ],
          [
            -2.153211,
            49.355657
          ],
          [
            -2.235428,
            49.355657
          ],
          [
            -2.317645,
            49.355657
          ],
          [
            -2.351903,
            49.391589
          ],
          [
            -2.358754,
            49.391589
          ],
          [
            -2.365605,
            49.391589
          ],
          [
            -2.372457,
            49.396081
          ],
          [
            -2.379308,
            49.396081
          ],
          [
            -2.38616,
            49.400572
          ],
          [
            -2.393011,
            49.400572
          ],
          [
            -2.399863,
            49.405064
          ],
          [
            -2.406714,
            49.405064
          ],
          [
            -2.48208,
            49.409555
          ],
          [
            -2.502634,
            49.432013
          ],
          [
            -2.509486,
            49.436505
          ],
          [
            -2.516337,
            49.440996
          ],
          [
            -2.523188,
            49.445488
          ],
          [
            -2.523501,
            49.44693
          ]
        ],
        "type": "LineString"
      },
      "properties": {
        "distance_km": 56.354,
        "distance_nm": 30.429,
        "dst_id": "St Peter Port",
        "pair_id": "Dielette->St Peter Port",
        "reason": "validated_route",
        "src_id": "Dielette",
        "state": "supported",
        "validation_authority": "GSHHG independent exact (RouteValidator STRtree + prepared intersects, coastal_tolerance_km=0.0)",
        "waypoint_count": 22
      },
      "type": "Feature"
    },
    {
      "geometry": {
        "coordinates": [
          [
            -2.123683,
            49.1837
          ],
          [
            -2.125805,
            49.184977
          ],
          [
            -2.132657,
            49.180486
          ],
          [
            -2.139508,
            49.175994
          ],
          [
            -2.132657,
            49.171503
          ],
          [
            -2.132657,
            49.167011
          ],
          [
            -2.125805,
            49.16252
          ],
          [
            -2.118954,
            49.16252
          ],
          [
            -2.112102,
            49.16252
          ],
          [
            -2.105251,
            49.16252
          ],
          [
            -2.098399,
            49.16252
          ],
          [
            -2.091548,
            49.16252
          ],
          [
            -2.084697,
            49.158028
          ],
          [
            -2.077845,
            49.153537
          ],
          [
            -2.070994,
            49.153537
          ],
          [
            -2.064142,
            49.153537
          ],
          [
            -2.057291,
            49.153537
          ],
          [
            -2.050439,
            49.153537
          ],
          [
            -2.043588,
            49.153537
          ],
          [
            -2.036736,
            49.153537
          ],
          [
            -2.029885,
            49.149045
          ],
          [
            -1.988776,
            49.140062
          ],
          [
            -1.906559,
            49.140062
          ],
          [
            -1.824342,
            49.140062
          ],
          [
            -1.742125,
            49.140062
          ],
          [
            -1.742125,
            49.086163
          ],
          [
            -1.659908,
            49.086163
          ],
          [
            -1.659908,
            49.032265
          ],
          [
            -1.659908,
            48.978366
          ],
          [
            -1.659908,
            48.924467
          ],
          [
            -1.659908,
            48.870569
          ],
          [
            -1.639353,
            48.843619
          ],
          [
            -1.632502,
            48.839128
          ],
          [
            -1.62565,
            48.834636
          ],
          [
            -1.618799,
            48.830145
          ],
          [
            -1.611947,
            48.825653
          ],
          [
            -1.605096,
            48.825653
          ],
          [
            -1.598245,
            48.825653
          ],
          [
            -1.591393,
            48.825653
          ],
          [
            -1.584542,
            48.821161
          ],
          [
            -1.582184,
            48.823107
          ]
        ],
        "type": "LineString"
      },
      "properties": {
        "distance_km": 76.849,
        "distance_nm": 41.495,
        "dst_id": "Granville",
        "pair_id": "Elizabeth Marina->Granville",
        "reason": "validated_route",
        "src_id": "Elizabeth Marina",
        "state": "supported",
        "validation_authority": "GSHHG independent exact (RouteValidator STRtree + prepared intersects, coastal_tolerance_km=0.0)",
        "waypoint_count": 39
      },
      "type": "Feature"
    },
    {
      "geometry": {
        "coordinates": [
          [
            -2.123683,
            49.1837
          ],
          [
            -2.125805,
            49.184977
          ],
          [
            -2.132657,
            49.180486
          ],
          [
            -2.139508,
            49.175994
          ],
          [
            -2.146359,
            49.171503
          ],
          [
            -2.153211,
            49.167011
          ],
          [
            -2.160062,
            49.16252
          ],
          [
            -2.166914,
            49.158028
          ],
          [
            -2.173765,
            49.158028
          ],
          [
            -2.180617,
            49.16252
          ],
          [
            -2.187468,
            49.16252
          ],
          [
            -2.194319,
            49.16252
          ],
          [
            -2.201171,
            49.167011
          ],
          [
            -2.208022,
            49.167011
          ],
          [
            -2.214874,
            49.167011
          ],
          [
            -2.221725,
            49.167011
          ],
          [
            -2.228577,
            49.167011
          ],
          [
            -2.235428,
            49.171503
          ],
          [
            -2.24228,
            49.171503
          ],
          [
            -2.249131,
            49.171503
          ],
          [
            -2.255982,
            49.175994
          ],
          [
            -2.262834,
            49.180486
          ],
          [
            -2.262834,
            49.184977
          ],
          [
            -2.262834,
            49.189469
          ],
          [
            -2.262834,
            49.193961
          ],
          [
            -2.262834,
            49.198452
          ],
          [
            -2.255982,
            49.202944
          ],
          [
            -2.255982,
            49.207435
          ],
          [
            -2.255982,
            49.211927
          ],
          [
            -2.255982,
            49.216418
          ],
          [
            -2.255982,
            49.22091
          ],
          [
            -2.255982,
            49.225401
          ],
          [
            -2.255982,
            49.229893
          ],
          [
            -2.255982,
            49.234385
          ],
          [
            -2.262834,
            49.238876
          ],
          [
            -2.262834,
            49.243368
          ],
          [
            -2.262834,
            49.247859
          ],
          [
            -2.262834,
            49.252351
          ],
          [
            -2.262834,
            49.256842
          ],
          [
            -2.262834,
            49.261334
          ],
          [
            -2.262834,
            49.265825
          ],
          [
            -2.262834,
            49.270317
          ],
          [
            -2.269685,
            49.274809
          ],
          [
            -2.317645,
            49.301758
          ],
          [
            -2.317645,
            49.355657
          ],
          [
            -2.351903,
            49.391589
          ],
          [
            -2.358754,
            49.391589
          ],
          [
            -2.365605,
            49.391589
          ],
          [
            -2.372457,
            49.396081
          ],
          [
            -2.379308,
            49.396081
          ],
          [
            -2.38616,
            49.400572
          ],
          [
            -2.393011,
            49.400572
          ],
          [
            -2.399863,
            49.405064
          ],
          [
            -2.406714,
            49.405064
          ],
          [
            -2.48208,
            49.409555
          ],
          [
            -2.502634,
            49.432013
          ],
          [
            -2.509486,
            49.436505
          ],
          [
            -2.516337,
            49.440996
          ],
          [
            -2.523188,
            49.445488
          ],
          [
            -2.523501,
            49.44693
          ]
        ],
        "type": "LineString"
      },
      "properties": {
        "distance_km": 54.088,
        "distance_nm": 29.205,
        "dst_id": "Guernsey",
        "pair_id": "Elizabeth Marina->Guernsey",
        "reason": "validated_route",
        "src_id": "Elizabeth Marina",
        "state": "supported",
        "validation_authority": "GSHHG independent exact (RouteValidator STRtree + prepared intersects, coastal_tolerance_km=0.0)",
        "waypoint_count": 58
      },
      "type": "Feature"
    },
    {
      "properties": {
        "distance_km": null,
        "distance_nm": null,
        "dst_id": "Saint-Malo",
        "pair_id": "Elizabeth Marina->Saint-Malo",
        "reason": "isolated_component",
        "src_id": "Elizabeth Marina",
        "state": "unsupported_no_path",
        "validation_authority": null,
        "waypoint_count": null
      },
      "type": "Feature"
    },
    {
      "geometry": {
        "coordinates": [
          [
            -2.123683,
            49.1837
          ],
          [
            -2.125805,
            49.184977
          ],
          [
            -2.132657,
            49.180486
          ],
          [
            -2.139508,
            49.175994
          ],
          [
            -2.146359,
            49.171503
          ],
          [
            -2.153211,
            49.167011
          ],
          [
            -2.160062,
            49.16252
          ],
          [
            -2.166914,
            49.158028
          ],
          [
            -2.173765,
            49.158028
          ],
          [
            -2.180617,
            49.16252
          ],
          [
            -2.187468,
            49.16252
          ],
          [
            -2.194319,
            49.16252
          ],
          [
            -2.201171,
            49.167011
          ],
          [
            -2.208022,
            49.167011
          ],
          [
            -2.214874,
            49.167011
          ],
          [
            -2.221725,
            49.167011
          ],
          [
            -2.228577,
            49.167011
          ],
          [
            -2.235428,
            49.171503
          ],
          [
            -2.24228,
            49.171503
          ],
          [
            -2.249131,
            49.171503
          ],
          [
            -2.255982,
            49.175994
          ],
          [
            -2.262834,
            49.180486
          ],
          [
            -2.262834,
            49.184977
          ],
          [
            -2.262834,
            49.189469
          ],
          [
            -2.262834,
            49.193961
          ],
          [
            -2.262834,
            49.198452
          ],
          [
            -2.255982,
            49.202944
          ],
          [
            -2.255982,
            49.207435
          ],
          [
            -2.255982,
            49.211927
          ],
          [
            -2.255982,
            49.216418
          ],
          [
            -2.255982,
            49.22091
          ],
          [
            -2.255982,
            49.225401
          ],
          [
            -2.255982,
            49.229893
          ],
          [
            -2.255982,
            49.234385
          ],
          [
            -2.262834,
            49.238876
          ],
          [
            -2.262834,
            49.243368
          ],
          [
            -2.262834,
            49.247859
          ],
          [
            -2.262834,
            49.252351
          ],
          [
            -2.262834,
            49.256842
          ],
          [
            -2.262834,
            49.261334
          ],
          [
            -2.262834,
            49.265825
          ],
          [
            -2.262834,
            49.270317
          ],
          [
            -2.269685,
            49.274809
          ],
          [
            -2.317645,
            49.301758
          ],
          [
            -2.317645,
            49.355657
          ],
          [
            -2.3382,
            49.405064
          ],
          [
            -2.3382,
            49.409555
          ],
          [
            -2.3382,
            49.414047
          ],
          [
            -2.3382,
            49.418538
          ],
          [
            -2.331348,
            49.42303
          ],
          [
            -2.331348,
            49.427521
          ],
          [
            -2.3382,
            49.432013
          ],
          [
            -2.339447,
            49.4333
          ]
        ],
        "type": "LineString"
      },
      "properties": {
        "distance_km": 43.407,
        "distance_nm": 23.438,
        "dst_id": "Sark",
        "pair_id": "Elizabeth Marina->Sark",
        "reason": "validated_route",
        "src_id": "Elizabeth Marina",
        "state": "supported",
        "validation_authority": "GSHHG independent exact (RouteValidator STRtree + prepared intersects, coastal_tolerance_km=0.0)",
        "waypoint_count": 51
      },
      "type": "Feature"
    },
    {
      "geometry": {
        "coordinates": [
          [
            -2.123683,
            49.1837
          ],
          [
            -2.125805,
            49.184977
          ],
          [
            -2.132657,
            49.180486
          ],
          [
            -2.139508,
            49.175994
          ],
          [
            -2.132657,
            49.171503
          ],
          [
            -2.132657,
            49.167011
          ],
          [
            -2.125805,
            49.16252
          ],
          [
            -2.118954,
            49.16252
          ],
          [
            -2.112102,
            49.16252
          ],
          [
            -2.105251,
            49.167011
          ],
          [
            -2.105677,
            49.1667
          ]
        ],
        "type": "LineString"
      },
      "properties": {
        "distance_km": 5.279,
        "distance_nm": 2.85,
        "dst_id": "St Aubin",
        "pair_id": "Elizabeth Marina->St Aubin",
        "reason": "validated_route",
        "src_id": "Elizabeth Marina",
        "state": "supported",
        "validation_authority": "GSHHG independent exact (RouteValidator STRtree + prepared intersects, coastal_tolerance_km=0.0)",
        "waypoint_count": 9
      },
      "type": "Feature"
    },
    {
      "geometry": {
        "coordinates": [
          [
            -2.123683,
            49.1837
          ],
          [
            -2.125805,
            49.184977
          ],
          [
            -2.132657,
            49.180486
          ],
          [
            -2.139508,
            49.175994
          ],
          [
            -2.146359,
            49.171503
          ],
          [
            -2.153211,
            49.167011
          ],
          [
            -2.160062,
            49.16252
          ],
          [
            -2.166914,
            49.158028
          ],
          [
            -2.173765,
            49.158028
          ],
          [
            -2.180617,
            49.16252
          ],
          [
            -2.187468,
            49.16252
          ],
          [
            -2.194319,
            49.16252
          ],
          [
            -2.201171,
            49.167011
          ],
          [
            -2.201171,
            49.171503
          ],
          [
            -2.194319,
            49.175994
          ],
          [
            -2.191097,
            49.178204
          ]
        ],
        "type": "LineString"
      },
      "properties": {
        "distance_km": 8.892,
        "distance_nm": 4.801,
        "dst_id": "St Brelade",
        "pair_id": "Elizabeth Marina->St Brelade",
        "reason": "validated_route",
        "src_id": "Elizabeth Marina",
        "state": "supported",
        "validation_authority": "GSHHG independent exact (RouteValidator STRtree + prepared intersects, coastal_tolerance_km=0.0)",
        "waypoint_count": 14
      },
      "type": "Feature"
    },
    {
      "geometry": {
        "coordinates": [
          [
            -2.123683,
            49.1837
          ],
          [
            -2.125805,
            49.184977
          ],
          [
            -2.132657,
            49.180486
          ],
          [
            -2.139508,
            49.175994
          ],
          [
            -2.146359,
            49.171503
          ],
          [
            -2.153211,
            49.167011
          ],
          [
            -2.160062,
            49.16252
          ],
          [
            -2.166914,
            49.158028
          ],
          [
            -2.173765,
            49.158028
          ],
          [
            -2.180617,
            49.16252
          ],
          [
            -2.187468,
            49.16252
          ],
          [
            -2.194319,
            49.16252
          ],
          [
            -2.201171,
            49.167011
          ],
          [
            -2.208022,
            49.167011
          ],
          [
            -2.214874,
            49.167011
          ],
          [
            -2.221725,
            49.167011
          ],
          [
            -2.228577,
            49.167011
          ],
          [
            -2.235428,
            49.171503
          ],
          [
            -2.24228,
            49.171503
          ],
          [
            -2.249131,
            49.171503
          ],
          [
            -2.255982,
            49.175994
          ],
          [
            -2.262834,
            49.180486
          ],
          [
            -2.262834,
            49.184977
          ],
          [
            -2.262834,
            49.189469
          ],
          [
            -2.262834,
            49.193961
          ],
          [
            -2.262834,
            49.198452
          ],
          [
            -2.255982,
            49.202944
          ],
          [
            -2.255982,
            49.207435
          ],
          [
            -2.255982,
            49.211927
          ],
          [
            -2.255982,
            49.216418
          ],
          [
            -2.255982,
            49.22091
          ],
          [
            -2.255982,
            49.225401
          ],
          [
            -2.255982,
            49.229893
          ],
          [
            -2.255982,
            49.234385
          ],
          [
            -2.262834,
            49.238876
          ],
          [
            -2.262834,
            49.243368
          ],
          [
            -2.262834,
            49.247859
          ],
          [
            -2.262834,
            49.252351
          ],
          [
            -2.262834,
            49.256842
          ],
          [
            -2.262834,
            49.261334
          ],
          [
            -2.262834,
            49.265825
          ],
          [
            -2.262834,
            49.270317
          ],
          [
            -2.269685,
            49.274809
          ],
          [
            -2.317645,
            49.301758
          ],
          [
            -2.317645,
            49.355657
          ],
          [
            -2.351903,
            49.391589
          ],
          [
            -2.358754,
            49.391589
          ],
          [
            -2.365605,
            49.391589
          ],
          [
            -2.372457,
            49.396081
          ],
          [
            -2.379308,
            49.396081
          ],
          [
            -2.38616,
            49.400572
          ],
          [
            -2.393011,
            49.400572
          ],
          [
            -2.399863,
            49.405064
          ],
          [
            -2.406714,
            49.405064
          ],
          [
            -2.48208,
            49.409555
          ],
          [
            -2.502634,
            49.432013
          ],
          [
            -2.509486,
            49.436505
          ],
          [
            -2.516337,
            49.440996
          ],
          [
            -2.523188,
            49.445488
          ],
          [
            -2.523501,
            49.44693
          ]
        ],
        "type": "LineString"
      },
      "properties": {
        "distance_km": 54.088,
        "distance_nm": 29.205,
        "dst_id": "St Peter Port",
        "pair_id": "Elizabeth Marina->St Peter Port",
        "reason": "validated_route",
        "src_id": "Elizabeth Marina",
        "state": "supported",
        "validation_authority": "GSHHG independent exact (RouteValidator STRtree + prepared intersects, coastal_tolerance_km=0.0)",
        "waypoint_count": 58
      },
      "type": "Feature"
    },
    {
      "geometry": {
        "coordinates": [
          [
            -1.582184,
            48.823107
          ],
          [
            -1.584542,
            48.821161
          ],
          [
            -1.591393,
            48.825653
          ],
          [
            -1.598245,
            48.825653
          ],
          [
            -1.605096,
            48.825653
          ],
          [
            -1.611947,
            48.825653
          ],
          [
            -1.618799,
            48.830145
          ],
          [
            -1.62565,
            48.834636
          ],
          [
            -1.632502,
            48.839128
          ],
          [
            -1.639353,
            48.843619
          ],
          [
            -1.659908,
            48.870569
          ],
          [
            -1.659908,
            48.924467
          ],
          [
            -1.659908,
            48.978366
          ],
          [
            -1.659908,
            49.032265
          ],
          [
            -1.659908,
            49.086163
          ],
          [
            -1.742125,
            49.086163
          ],
          [
            -1.742125,
            49.140062
          ],
          [
            -1.742125,
            49.193961
          ],
          [
            -1.824342,
            49.193961
          ],
          [
            -1.906559,
            49.193961
          ],
          [
            -1.995628,
            49.216418
          ],
          [
            -1.995628,
            49.22091
          ],
          [
            -2.002479,
            49.225401
          ],
          [
            -2.009331,
            49.229893
          ],
          [
            -2.016182,
            49.234385
          ],
          [
            -2.023034,
            49.238876
          ],
          [
            -2.029885,
            49.243368
          ],
          [
            -2.036736,
            49.247859
          ],
          [
            -2.043588,
            49.252351
          ],
          [
            -2.050439,
            49.256842
          ],
          [
            -2.057291,
            49.261334
          ],
          [
            -2.064142,
            49.265825
          ],
          [
            -2.070994,
            49.270317
          ],
          [
            -2.077845,
            49.270317
          ],
          [
            -2.084697,
            49.270317
          ],
          [
            -2.091548,
            49.270317
          ],
          [
            -2.098399,
            49.270317
          ],
          [
            -2.105251,
            49.270317
          ],
          [
            -2.112102,
            49.270317
          ],
          [
            -2.153211,
            49.301758
          ],
          [
            -2.221725,
            49.310741
          ],
          [
            -2.228577,
            49.310741
          ],
          [
            -2.235428,
            49.355657
          ],
          [
            -2.317645,
            49.355657
          ],
          [
            -2.351903,
            49.391589
          ],
          [
            -2.358754,
            49.391589
          ],
          [
            -2.365605,
            49.391589
          ],
          [
            -2.372457,
            49.396081
          ],
          [
            -2.379308,
            49.396081
          ],
          [
            -2.38616,
            49.400572
          ],
          [
            -2.393011,
            49.400572
          ],
          [
            -2.399863,
            49.405064
          ],
          [
            -2.406714,
            49.405064
          ],
          [
            -2.48208,
            49.409555
          ],
          [
            -2.502634,
            49.432013
          ],
          [
            -2.509486,
            49.436505
          ],
          [
            -2.516337,
            49.440996
          ],
          [
            -2.523188,
            49.445488
          ],
          [
            -2.523501,
            49.44693
          ]
        ],
        "type": "LineString"
      },
      "properties": {
        "distance_km": 121.819,
        "distance_nm": 65.777,
        "dst_id": "Guernsey",
        "pair_id": "Granville->Guernsey",
        "reason": "validated_route",
        "src_id": "Granville",
        "state": "supported",
        "validation_authority": "GSHHG independent exact (RouteValidator STRtree + prepared intersects, coastal_tolerance_km=0.0)",
        "waypoint_count": 57
      },
      "type": "Feature"
    },
    {
      "properties": {
        "distance_km": null,
        "distance_nm": null,
        "dst_id": "Saint-Malo",
        "pair_id": "Granville->Saint-Malo",
        "reason": "isolated_component",
        "src_id": "Granville",
        "state": "unsupported_no_path",
        "validation_authority": null,
        "waypoint_count": null
      },
      "type": "Feature"
    },
    {
      "geometry": {
        "coordinates": [
          [
            -1.582184,
            48.823107
          ],
          [
            -1.584542,
            48.821161
          ],
          [
            -1.591393,
            48.825653
          ],
          [
            -1.598245,
            48.825653
          ],
          [
            -1.605096,
            48.825653
          ],
          [
            -1.611947,
            48.825653
          ],
          [
            -1.618799,
            48.830145
          ],
          [
            -1.62565,
            48.834636
          ],
          [
            -1.632502,
            48.839128
          ],
          [
            -1.639353,
            48.843619
          ],
          [
            -1.659908,
            48.870569
          ],
          [
            -1.659908,
            48.924467
          ],
          [
            -1.659908,
            48.978366
          ],
          [
            -1.659908,
            49.032265
          ],
          [
            -1.632502,
            49.054722
          ],
          [
            -1.632502,
            49.059214
          ],
          [
            -1.632502,
            49.063705
          ],
          [
            -1.632502,
            49.068197
          ],
          [
            -1.632502,
            49.072689
          ],
          [
            -1.632502,
            49.07718
          ],
          [
            -1.632502,
            49.081672
          ],
          [
            -1.632502,
            49.086163
          ],
          [
            -1.632502,
            49.090655
          ],
          [
            -1.632502,
            49.095146
          ],
          [
            -1.632502,
            49.099638
          ],
          [
            -1.632502,
            49.104129
          ],
          [
            -1.632502,
            49.108621
          ],
          [
            -1.632502,
            49.113113
          ],
          [
            -1.659908,
            49.140062
          ],
          [
            -1.653056,
            49.193961
          ],
          [
            -1.653056,
            49.198452
          ],
          [
            -1.653056,
            49.202944
          ],
          [
            -1.653056,
            49.207435
          ],
          [
            -1.653056,
            49.211927
          ],
          [
            -1.653056,
            49.216418
          ],
          [
            -1.653056,
            49.22091
          ],
          [
            -1.653056,
            49.225401
          ],
          [
            -1.659908,
            49.229893
          ],
          [
            -1.659908,
            49.234385
          ],
          [
            -1.666759,
            49.238876
          ],
          [
            -1.666759,
            49.243368
          ],
          [
            -1.666759,
            49.247859
          ],
          [
            -1.666759,
            49.252351
          ],
          [
            -1.67361,
            49.256842
          ],
          [
            -1.67361,
            49.261334
          ],
          [
            -1.680462,
            49.265825
          ],
          [
            -1.687313,
            49.270317
          ],
          [
            -1.694165,
            49.274809
          ],
          [
            -1.701016,
            49.2793
          ],
          [
            -1.707868,
            49.283792
          ],
          [
            -1.714719,
            49.288283
          ],
          [
            -1.714719,
            49.292775
          ],
          [
            -1.72157,
            49.297266
          ],
          [
            -1.72157,
            49.301758
          ],
          [
            -1.728422,
            49.306249
          ],
          [
            -1.735273,
            49.310741
          ],
          [
            -1.742125,
            49.315233
          ],
          [
            -1.748976,
            49.319724
          ],
          [
            -1.755828,
            49.324216
          ],
          [
            -1.762679,
            49.328707
          ],
          [
            -1.76953,
            49.333199
          ],
          [
            -1.776382,
            49.33769
          ],
          [
            -1.783233,
            49.342182
          ],
          [
            -1.790085,
            49.346673
          ],
          [
            -1.796936,
            49.351165
          ],
          [
            -1.803788,
            49.355657
          ],
          [
            -1.810639,
            49.360148
          ],
          [
            -1.817491,
            49.36464
          ],
          [
            -1.824342,
            49.369131
          ],
          [
            -1.831193,
            49.373623
          ],
          [
            -1.838045,
            49.378114
          ],
          [
            -1.844896,
            49.382606
          ],
          [
            -1.906559,
            49.409555
          ],
          [
            -1.988776,
            49.409555
          ],
          [
            -2.070994,
            49.409555
          ],
          [
            -2.153211,
            49.409555
          ],
          [
            -2.235428,
            49.409555
          ],
          [
            -2.317645,
            49.409555
          ],
          [
            -2.317645,
            49.414047
          ],
          [
            -2.317645,
            49.418538
          ],
          [
            -2.324497,
            49.42303
          ],
          [
            -2.331348,
            49.427521
          ],
          [
            -2.3382,
            49.432013
          ],
          [
            -2.339447,
            49.4333
          ]
        ],
        "type": "LineString"
      },
      "properties": {
        "distance_km": 111.066,
        "distance_nm": 59.971,
        "dst_id": "Sark",
        "pair_id": "Granville->Sark",
        "reason": "validated_route",
        "src_id": "Granville",
        "state": "supported",
        "validation_authority": "GSHHG independent exact (RouteValidator STRtree + prepared intersects, coastal_tolerance_km=0.0)",
        "waypoint_count": 82
      },
      "type": "Feature"
    },
    {
      "geometry": {
        "coordinates": [
          [
            -1.582184,
            48.823107
          ],
          [
            -1.584542,
            48.821161
          ],
          [
            -1.591393,
            48.825653
          ],
          [
            -1.598245,
            48.825653
          ],
          [
            -1.605096,
            48.825653
          ],
          [
            -1.611947,
            48.825653
          ],
          [
            -1.618799,
            48.830145
          ],
          [
            -1.62565,
            48.834636
          ],
          [
            -1.632502,
            48.839128
          ],
          [
            -1.639353,
            48.843619
          ],
          [
            -1.659908,
            48.870569
          ],
          [
            -1.659908,
            48.924467
          ],
          [
            -1.659908,
            48.978366
          ],
          [
            -1.659908,
            49.032265
          ],
          [
            -1.659908,
            49.086163
          ],
          [
            -1.742125,
            49.086163
          ],
          [
            -1.742125,
            49.140062
          ],
          [
            -1.824342,
            49.140062
          ],
          [
            -1.906559,
            49.140062
          ],
          [
            -1.988776,
            49.140062
          ],
          [
            -2.029885,
            49.149045
          ],
          [
            -2.036736,
            49.153537
          ],
          [
            -2.043588,
            49.153537
          ],
          [
            -2.050439,
            49.153537
          ],
          [
            -2.057291,
            49.153537
          ],
          [
            -2.064142,
            49.153537
          ],
          [
            -2.070994,
            49.153537
          ],
          [
            -2.077845,
            49.153537
          ],
          [
            -2.084697,
            49.158028
          ],
          [
            -2.091548,
            49.16252
          ],
          [
            -2.098399,
            49.167011
          ],
          [
            -2.105251,
            49.167011
          ],
          [
            -2.105677,
            49.1667
          ]
        ],
        "type": "LineString"
      },
      "properties": {
        "distance_km": 72.078,
        "distance_nm": 38.919,
        "dst_id": "St Aubin",
        "pair_id": "Granville->St Aubin",
        "reason": "validated_route",
        "src_id": "Granville",
        "state": "supported",
        "validation_authority": "GSHHG independent exact (RouteValidator STRtree + prepared intersects, coastal_tolerance_km=0.0)",
        "waypoint_count": 31
      },
      "type": "Feature"
    },
    {
      "geometry": {
        "coordinates": [
          [
            -1.582184,
            48.823107
          ],
          [
            -1.584542,
            48.821161
          ],
          [
            -1.591393,
            48.825653
          ],
          [
            -1.598245,
            48.825653
          ],
          [
            -1.605096,
            48.825653
          ],
          [
            -1.611947,
            48.825653
          ],
          [
            -1.618799,
            48.830145
          ],
          [
            -1.62565,
            48.834636
          ],
          [
            -1.632502,
            48.839128
          ],
          [
            -1.639353,
            48.843619
          ],
          [
            -1.659908,
            48.870569
          ],
          [
            -1.659908,
            48.924467
          ],
          [
            -1.659908,
            48.978366
          ],
          [
            -1.659908,
            49.032265
          ],
          [
            -1.659908,
            49.086163
          ],
          [
            -1.742125,
            49.086163
          ],
          [
            -1.742125,
            49.140062
          ],
          [
            -1.824342,
            49.140062
          ],
          [
            -1.906559,
            49.140062
          ],
          [
            -1.988776,
            49.140062
          ],
          [
            -2.029885,
            49.149045
          ],
          [
            -2.036736,
            49.153537
          ],
          [
            -2.043588,
            49.153537
          ],
          [
            -2.050439,
            49.153537
          ],
          [
            -2.057291,
            49.153537
          ],
          [
            -2.064142,
            49.153537
          ],
          [
            -2.070994,
            49.153537
          ],
          [
            -2.077845,
            49.153537
          ],
          [
            -2.084697,
            49.158028
          ],
          [
            -2.091548,
            49.158028
          ],
          [
            -2.098399,
            49.158028
          ],
          [
            -2.105251,
            49.158028
          ],
          [
            -2.112102,
            49.158028
          ],
          [
            -2.118954,
            49.158028
          ],
          [
            -2.125805,
            49.158028
          ],
          [
            -2.132657,
            49.158028
          ],
          [
            -2.139508,
            49.158028
          ],
          [
            -2.146359,
            49.158028
          ],
          [
            -2.153211,
            49.158028
          ],
          [
            -2.160062,
            49.158028
          ],
          [
            -2.166914,
            49.158028
          ],
          [
            -2.173765,
            49.158028
          ],
          [
            -2.180617,
            49.16252
          ],
          [
            -2.187468,
            49.16252
          ],
          [
            -2.194319,
            49.16252
          ],
          [
            -2.201171,
            49.167011
          ],
          [
            -2.201171,
            49.171503
          ],
          [
            -2.194319,
            49.175994
          ],
          [
            -2.191097,
            49.178204
          ]
        ],
        "type": "LineString"
      },
      "properties": {
        "distance_km": 80.551,
        "distance_nm": 43.494,
        "dst_id": "St Brelade",
        "pair_id": "Granville->St Brelade",
        "reason": "validated_route",
        "src_id": "Granville",
        "state": "supported",
        "validation_authority": "GSHHG independent exact (RouteValidator STRtree + prepared intersects, coastal_tolerance_km=0.0)",
        "waypoint_count": 47
      },
      "type": "Feature"
    },
    {
      "geometry": {
        "coordinates": [
          [
            -1.582184,
            48.823107
          ],
          [
            -1.584542,
            48.821161
          ],
          [
            -1.591393,
            48.825653
          ],
          [
            -1.598245,
            48.825653
          ],
          [
            -1.605096,
            48.825653
          ],
          [
            -1.611947,
            48.825653
          ],
          [
            -1.618799,
            48.830145
          ],
          [
            -1.62565,
            48.834636
          ],
          [
            -1.632502,
            48.839128
          ],
          [
            -1.639353,
            48.843619
          ],
          [
            -1.659908,
            48.870569
          ],
          [
            -1.659908,
            48.924467
          ],
          [
            -1.659908,
            48.978366
          ],
          [
            -1.659908,
            49.032265
          ],
          [
            -1.659908,
            49.086163
          ],
          [
            -1.742125,
            49.086163
          ],
          [
            -1.742125,
            49.140062
          ],
          [
            -1.742125,
            49.193961
          ],
          [
            -1.824342,
            49.193961
          ],
          [
            -1.906559,
            49.193961
          ],
          [
            -1.995628,
            49.216418
          ],
          [
            -1.995628,
            49.22091
          ],
          [
            -2.002479,
            49.225401
          ],
          [
            -2.009331,
            49.229893
          ],
          [
            -2.016182,
            49.234385
          ],
          [
            -2.023034,
            49.238876
          ],
          [
            -2.029885,
            49.243368
          ],
          [
            -2.036736,
            49.247859
          ],
          [
            -2.043588,
            49.252351
          ],
          [
            -2.050439,
            49.256842
          ],
          [
            -2.057291,
            49.261334
          ],
          [
            -2.064142,
            49.265825
          ],
          [
            -2.070994,
            49.270317
          ],
          [
            -2.077845,
            49.270317
          ],
          [
            -2.084697,
            49.270317
          ],
          [
            -2.091548,
            49.270317
          ],
          [
            -2.098399,
            49.270317
          ],
          [
            -2.105251,
            49.270317
          ],
          [
            -2.112102,
            49.270317
          ],
          [
            -2.153211,
            49.301758
          ],
          [
            -2.221725,
            49.310741
          ],
          [
            -2.228577,
            49.310741
          ],
          [
            -2.235428,
            49.355657
          ],
          [
            -2.317645,
            49.355657
          ],
          [
            -2.351903,
            49.391589
          ],
          [
            -2.358754,
            49.391589
          ],
          [
            -2.365605,
            49.391589
          ],
          [
            -2.372457,
            49.396081
          ],
          [
            -2.379308,
            49.396081
          ],
          [
            -2.38616,
            49.400572
          ],
          [
            -2.393011,
            49.400572
          ],
          [
            -2.399863,
            49.405064
          ],
          [
            -2.406714,
            49.405064
          ],
          [
            -2.48208,
            49.409555
          ],
          [
            -2.502634,
            49.432013
          ],
          [
            -2.509486,
            49.436505
          ],
          [
            -2.516337,
            49.440996
          ],
          [
            -2.523188,
            49.445488
          ],
          [
            -2.523501,
            49.44693
          ]
        ],
        "type": "LineString"
      },
      "properties": {
        "distance_km": 121.819,
        "distance_nm": 65.777,
        "dst_id": "St Peter Port",
        "pair_id": "Granville->St Peter Port",
        "reason": "validated_route",
        "src_id": "Granville",
        "state": "supported",
        "validation_authority": "GSHHG independent exact (RouteValidator STRtree + prepared intersects, coastal_tolerance_km=0.0)",
        "waypoint_count": 57
      },
      "type": "Feature"
    },
    {
      "properties": {
        "distance_km": null,
        "distance_nm": null,
        "dst_id": "Saint-Malo",
        "pair_id": "Guernsey->Saint-Malo",
        "reason": "isolated_component",
        "src_id": "Guernsey",
        "state": "unsupported_no_path",
        "validation_authority": null,
        "waypoint_count": null
      },
      "type": "Feature"
    },
    {
      "geometry": {
        "coordinates": [
          [
            -2.523501,
            49.44693
          ],
          [
            -2.523188,
            49.445488
          ],
          [
            -2.516337,
            49.449979
          ],
          [
            -2.509486,
            49.454471
          ],
          [
            -2.502634,
            49.458962
          ],
          [
            -2.495783,
            49.458962
          ],
          [
            -2.488931,
            49.458962
          ],
          [
            -2.48208,
            49.458962
          ],
          [
            -2.475228,
            49.454471
          ],
          [
            -2.468377,
            49.449979
          ],
          [
            -2.461525,
            49.449979
          ],
          [
            -2.454674,
            49.449979
          ],
          [
            -2.447823,
            49.449979
          ],
          [
            -2.440971,
            49.449979
          ],
          [
            -2.43412,
            49.449979
          ],
          [
            -2.427268,
            49.449979
          ],
          [
            -2.420417,
            49.449979
          ],
          [
            -2.413565,
            49.449979
          ],
          [
            -2.406714,
            49.449979
          ],
          [
            -2.399863,
            49.449979
          ],
          [
            -2.393011,
            49.454471
          ],
          [
            -2.38616,
            49.458962
          ],
          [
            -2.379308,
            49.458962
          ],
          [
            -2.372457,
            49.458962
          ],
          [
            -2.365605,
            49.458962
          ],
          [
            -2.358754,
            49.458962
          ],
          [
            -2.351903,
            49.458962
          ],
          [
            -2.345051,
            49.454471
          ],
          [
            -2.3382,
            49.449979
          ],
          [
            -2.331348,
            49.445488
          ],
          [
            -2.331348,
            49.440996
          ],
          [
            -2.3382,
            49.436505
          ],
          [
            -2.3382,
            49.432013
          ],
          [
            -2.339447,
            49.4333
          ]
        ],
        "type": "LineString"
      },
      "properties": {
        "distance_km": 17.981,
        "distance_nm": 9.709,
        "dst_id": "Sark",
        "pair_id": "Guernsey->Sark",
        "reason": "validated_route",
        "src_id": "Guernsey",
        "state": "supported",
        "validation_authority": "GSHHG independent exact (RouteValidator STRtree + prepared intersects, coastal_tolerance_km=0.0)",
        "waypoint_count": 32
      },
      "type": "Feature"
    },
    {
      "geometry": {
        "coordinates": [
          [
            -2.523501,
            49.44693
          ],
          [
            -2.523188,
            49.445488
          ],
          [
            -2.516337,
            49.440996
          ],
          [
            -2.509486,
            49.436505
          ],
          [
            -2.502634,
            49.432013
          ],
          [
            -2.48208,
            49.409555
          ],
          [
            -2.406714,
            49.405064
          ],
          [
            -2.399863,
            49.405064
          ],
          [
            -2.393011,
            49.400572
          ],
          [
            -2.38616,
            49.400572
          ],
          [
            -2.379308,
            49.396081
          ],
          [
            -2.372457,
            49.396081
          ],
          [
            -2.365605,
            49.391589
          ],
          [
            -2.358754,
            49.391589
          ],
          [
            -2.351903,
            49.391589
          ],
          [
            -2.317645,
            49.355657
          ],
          [
            -2.317645,
            49.301758
          ],
          [
            -2.269685,
            49.274809
          ],
          [
            -2.262834,
            49.270317
          ],
          [
            -2.262834,
            49.265825
          ],
          [
            -2.262834,
            49.261334
          ],
          [
            -2.262834,
            49.256842
          ],
          [
            -2.262834,
            49.252351
          ],
          [
            -2.262834,
            49.247859
          ],
          [
            -2.262834,
            49.243368
          ],
          [
            -2.262834,
            49.238876
          ],
          [
            -2.255982,
            49.234385
          ],
          [
            -2.255982,
            49.229893
          ],
          [
            -2.255982,
            49.225401
          ],
          [
            -2.255982,
            49.22091
          ],
          [
            -2.255982,
            49.216418
          ],
          [
            -2.255982,
            49.211927
          ],
          [
            -2.255982,
            49.207435
          ],
          [
            -2.255982,
            49.202944
          ],
          [
            -2.262834,
            49.198452
          ],
          [
            -2.262834,
            49.193961
          ],
          [
            -2.262834,
            49.189469
          ],
          [
            -2.262834,
            49.184977
          ],
          [
            -2.262834,
            49.180486
          ],
          [
            -2.255982,
            49.175994
          ],
          [
            -2.249131,
            49.171503
          ],
          [
            -2.24228,
            49.171503
          ],
          [
            -2.235428,
            49.171503
          ],
          [
            -2.228577,
            49.167011
          ],
          [
            -2.221725,
            49.167011
          ],
          [
            -2.214874,
            49.167011
          ],
          [
            -2.208022,
            49.167011
          ],
          [
            -2.201171,
            49.167011
          ],
          [
            -2.194319,
            49.16252
          ],
          [
            -2.187468,
            49.16252
          ],
          [
            -2.180617,
            49.16252
          ],
          [
            -2.173765,
            49.158028
          ],
          [
            -2.166914,
            49.158028
          ],
          [
            -2.160062,
            49.16252
          ],
          [
            -2.153211,
            49.16252
          ],
          [
            -2.146359,
            49.16252
          ],
          [
            -2.139508,
            49.16252
          ],
          [
            -2.132657,
            49.16252
          ],
          [
            -2.125805,
            49.16252
          ],
          [
            -2.118954,
            49.16252
          ],
          [
            -2.112102,
            49.16252
          ],
          [
            -2.105251,
            49.167011
          ],
          [
            -2.105677,
            49.1667
          ]
        ],
        "type": "LineString"
      },
      "properties": {
        "distance_km": 54.591,
        "distance_nm": 29.477,
        "dst_id": "St Aubin",
        "pair_id": "Guernsey->St Aubin",
        "reason": "validated_route",
        "src_id": "Guernsey",
        "state": "supported",
        "validation_authority": "GSHHG independent exact (RouteValidator STRtree + prepared intersects, coastal_tolerance_km=0.0)",
        "waypoint_count": 61
      },
      "type": "Feature"
    },
    {
      "geometry": {
        "coordinates": [
          [
            -2.523501,
            49.44693
          ],
          [
            -2.523188,
            49.445488
          ],
          [
            -2.516337,
            49.440996
          ],
          [
            -2.509486,
            49.436505
          ],
          [
            -2.502634,
            49.432013
          ],
          [
            -2.48208,
            49.409555
          ],
          [
            -2.406714,
            49.405064
          ],
          [
            -2.399863,
            49.405064
          ],
          [
            -2.393011,
            49.400572
          ],
          [
            -2.38616,
            49.400572
          ],
          [
            -2.379308,
            49.396081
          ],
          [
            -2.372457,
            49.396081
          ],
          [
            -2.365605,
            49.391589
          ],
          [
            -2.358754,
            49.391589
          ],
          [
            -2.351903,
            49.391589
          ],
          [
            -2.317645,
            49.355657
          ],
          [
            -2.317645,
            49.301758
          ],
          [
            -2.269685,
            49.274809
          ],
          [
            -2.262834,
            49.270317
          ],
          [
            -2.262834,
            49.265825
          ],
          [
            -2.262834,
            49.261334
          ],
          [
            -2.262834,
            49.256842
          ],
          [
            -2.262834,
            49.252351
          ],
          [
            -2.262834,
            49.247859
          ],
          [
            -2.262834,
            49.243368
          ],
          [
            -2.262834,
            49.238876
          ],
          [
            -2.255982,
            49.234385
          ],
          [
            -2.255982,
            49.229893
          ],
          [
            -2.255982,
            49.225401
          ],
          [
            -2.255982,
            49.22091
          ],
          [
            -2.255982,
            49.216418
          ],
          [
            -2.255982,
            49.211927
          ],
          [
            -2.255982,
            49.207435
          ],
          [
            -2.255982,
            49.202944
          ],
          [
            -2.262834,
            49.198452
          ],
          [
            -2.262834,
            49.193961
          ],
          [
            -2.262834,
            49.189469
          ],
          [
            -2.262834,
            49.184977
          ],
          [
            -2.262834,
            49.180486
          ],
          [
            -2.255982,
            49.175994
          ],
          [
            -2.249131,
            49.171503
          ],
          [
            -2.24228,
            49.171503
          ],
          [
            -2.235428,
            49.171503
          ],
          [
            -2.228577,
            49.167011
          ],
          [
            -2.221725,
            49.167011
          ],
          [
            -2.214874,
            49.167011
          ],
          [
            -2.208022,
            49.167011
          ],
          [
            -2.201171,
            49.171503
          ],
          [
            -2.194319,
            49.175994
          ],
          [
            -2.191097,
            49.178204
          ]
        ],
        "type": "LineString"
      },
      "properties": {
        "distance_km": 47.993,
        "distance_nm": 25.914,
        "dst_id": "St Brelade",
        "pair_id": "Guernsey->St Brelade",
        "reason": "validated_route",
        "src_id": "Guernsey",
        "state": "supported",
        "validation_authority": "GSHHG independent exact (RouteValidator STRtree + prepared intersects, coastal_tolerance_km=0.0)",
        "waypoint_count": 48
      },
      "type": "Feature"
    },
    {
      "geometry": {
        "coordinates": [
          [
            -2.523501,
            49.44693
          ],
          [
            -2.523188,
            49.445488
          ],
          [
            -2.523501,
            49.44693
          ]
        ],
        "type": "LineString"
      },
      "properties": {
        "distance_km": 0.324,
        "distance_nm": 0.175,
        "dst_id": "St Peter Port",
        "pair_id": "Guernsey->St Peter Port",
        "reason": "validated_route",
        "src_id": "Guernsey",
        "state": "supported",
        "validation_authority": "GSHHG independent exact (RouteValidator STRtree + prepared intersects, coastal_tolerance_km=0.0)",
        "waypoint_count": 1
      },
      "type": "Feature"
    },
    {
      "properties": {
        "distance_km": null,
        "distance_nm": null,
        "dst_id": "Sark",
        "pair_id": "Saint-Malo->Sark",
        "reason": "isolated_component",
        "src_id": "Saint-Malo",
        "state": "unsupported_no_path",
        "validation_authority": null,
        "waypoint_count": null
      },
      "type": "Feature"
    },
    {
      "properties": {
        "distance_km": null,
        "distance_nm": null,
        "dst_id": "St Aubin",
        "pair_id": "Saint-Malo->St Aubin",
        "reason": "isolated_component",
        "src_id": "Saint-Malo",
        "state": "unsupported_no_path",
        "validation_authority": null,
        "waypoint_count": null
      },
      "type": "Feature"
    },
    {
      "properties": {
        "distance_km": null,
        "distance_nm": null,
        "dst_id": "St Brelade",
        "pair_id": "Saint-Malo->St Brelade",
        "reason": "isolated_component",
        "src_id": "Saint-Malo",
        "state": "unsupported_no_path",
        "validation_authority": null,
        "waypoint_count": null
      },
      "type": "Feature"
    },
    {
      "properties": {
        "distance_km": null,
        "distance_nm": null,
        "dst_id": "St Peter Port",
        "pair_id": "Saint-Malo->St Peter Port",
        "reason": "isolated_component",
        "src_id": "Saint-Malo",
        "state": "unsupported_no_path",
        "validation_authority": null,
        "waypoint_count": null
      },
      "type": "Feature"
    },
    {
      "geometry": {
        "coordinates": [
          [
            -2.339447,
            49.4333
          ],
          [
            -2.3382,
            49.432013
          ],
          [
            -2.331348,
            49.427521
          ],
          [
            -2.331348,
            49.42303
          ],
          [
            -2.3382,
            49.418538
          ],
          [
            -2.3382,
            49.414047
          ],
          [
            -2.3382,
            49.409555
          ],
          [
            -2.3382,
            49.405064
          ],
          [
            -2.317645,
            49.355657
          ],
          [
            -2.317645,
            49.301758
          ],
          [
            -2.269685,
            49.274809
          ],
          [
            -2.262834,
            49.270317
          ],
          [
            -2.262834,
            49.265825
          ],
          [
            -2.262834,
            49.261334
          ],
          [
            -2.262834,
            49.256842
          ],
          [
            -2.262834,
            49.252351
          ],
          [
            -2.262834,
            49.247859
          ],
          [
            -2.262834,
            49.243368
          ],
          [
            -2.262834,
            49.238876
          ],
          [
            -2.255982,
            49.234385
          ],
          [
            -2.255982,
            49.229893
          ],
          [
            -2.255982,
            49.225401
          ],
          [
            -2.255982,
            49.22091
          ],
          [
            -2.255982,
            49.216418
          ],
          [
            -2.255982,
            49.211927
          ],
          [
            -2.255982,
            49.207435
          ],
          [
            -2.255982,
            49.202944
          ],
          [
            -2.262834,
            49.198452
          ],
          [
            -2.262834,
            49.193961
          ],
          [
            -2.262834,
            49.189469
          ],
          [
            -2.262834,
            49.184977
          ],
          [
            -2.262834,
            49.180486
          ],
          [
            -2.255982,
            49.175994
          ],
          [
            -2.249131,
            49.171503
          ],
          [
            -2.24228,
            49.171503
          ],
          [
            -2.235428,
            49.171503
          ],
          [
            -2.228577,
            49.167011
          ],
          [
            -2.221725,
            49.167011
          ],
          [
            -2.214874,
            49.167011
          ],
          [
            -2.208022,
            49.167011
          ],
          [
            -2.201171,
            49.167011
          ],
          [
            -2.194319,
            49.16252
          ],
          [
            -2.187468,
            49.16252
          ],
          [
            -2.180617,
            49.16252
          ],
          [
            -2.173765,
            49.158028
          ],
          [
            -2.166914,
            49.158028
          ],
          [
            -2.160062,
            49.16252
          ],
          [
            -2.153211,
            49.16252
          ],
          [
            -2.146359,
            49.16252
          ],
          [
            -2.139508,
            49.16252
          ],
          [
            -2.132657,
            49.16252
          ],
          [
            -2.125805,
            49.16252
          ],
          [
            -2.118954,
            49.16252
          ],
          [
            -2.112102,
            49.16252
          ],
          [
            -2.105251,
            49.167011
          ],
          [
            -2.105677,
            49.1667
          ]
        ],
        "type": "LineString"
      },
      "properties": {
        "distance_km": 43.91,
        "distance_nm": 23.709,
        "dst_id": "St Aubin",
        "pair_id": "Sark->St Aubin",
        "reason": "validated_route",
        "src_id": "Sark",
        "state": "supported",
        "validation_authority": "GSHHG independent exact (RouteValidator STRtree + prepared intersects, coastal_tolerance_km=0.0)",
        "waypoint_count": 54
      },
      "type": "Feature"
    },
    {
      "geometry": {
        "coordinates": [
          [
            -2.339447,
            49.4333
          ],
          [
            -2.3382,
            49.432013
          ],
          [
            -2.331348,
            49.427521
          ],
          [
            -2.331348,
            49.42303
          ],
          [
            -2.3382,
            49.418538
          ],
          [
            -2.3382,
            49.414047
          ],
          [
            -2.3382,
            49.409555
          ],
          [
            -2.3382,
            49.405064
          ],
          [
            -2.317645,
            49.355657
          ],
          [
            -2.317645,
            49.301758
          ],
          [
            -2.269685,
            49.274809
          ],
          [
            -2.262834,
            49.270317
          ],
          [
            -2.262834,
            49.265825
          ],
          [
            -2.262834,
            49.261334
          ],
          [
            -2.262834,
            49.256842
          ],
          [
            -2.262834,
            49.252351
          ],
          [
            -2.262834,
            49.247859
          ],
          [
            -2.262834,
            49.243368
          ],
          [
            -2.262834,
            49.238876
          ],
          [
            -2.255982,
            49.234385
          ],
          [
            -2.255982,
            49.229893
          ],
          [
            -2.255982,
            49.225401
          ],
          [
            -2.255982,
            49.22091
          ],
          [
            -2.255982,
            49.216418
          ],
          [
            -2.255982,
            49.211927
          ],
          [
            -2.255982,
            49.207435
          ],
          [
            -2.255982,
            49.202944
          ],
          [
            -2.262834,
            49.198452
          ],
          [
            -2.262834,
            49.193961
          ],
          [
            -2.262834,
            49.189469
          ],
          [
            -2.262834,
            49.184977
          ],
          [
            -2.262834,
            49.180486
          ],
          [
            -2.255982,
            49.175994
          ],
          [
            -2.249131,
            49.171503
          ],
          [
            -2.24228,
            49.171503
          ],
          [
            -2.235428,
            49.171503
          ],
          [
            -2.228577,
            49.167011
          ],
          [
            -2.221725,
            49.167011
          ],
          [
            -2.214874,
            49.167011
          ],
          [
            -2.208022,
            49.167011
          ],
          [
            -2.201171,
            49.171503
          ],
          [
            -2.194319,
            49.175994
          ],
          [
            -2.191097,
            49.178204
          ]
        ],
        "type": "LineString"
      },
      "properties": {
        "distance_km": 37.312,
        "distance_nm": 20.147,
        "dst_id": "St Brelade",
        "pair_id": "Sark->St Brelade",
        "reason": "validated_route",
        "src_id": "Sark",
        "state": "supported",
        "validation_authority": "GSHHG independent exact (RouteValidator STRtree + prepared intersects, coastal_tolerance_km=0.0)",
        "waypoint_count": 41
      },
      "type": "Feature"
    },
    {
      "geometry": {
        "coordinates": [
          [
            -2.339447,
            49.4333
          ],
          [
            -2.3382,
            49.432013
          ],
          [
            -2.3382,
            49.436505
          ],
          [
            -2.331348,
            49.440996
          ],
          [
            -2.331348,
            49.445488
          ],
          [
            -2.3382,
            49.449979
          ],
          [
            -2.345051,
            49.454471
          ],
          [
            -2.351903,
            49.458962
          ],
          [
            -2.358754,
            49.458962
          ],
          [
            -2.365605,
            49.458962
          ],
          [
            -2.372457,
            49.458962
          ],
          [
            -2.379308,
            49.458962
          ],
          [
            -2.38616,
            49.458962
          ],
          [
            -2.393011,
            49.454471
          ],
          [
            -2.399863,
            49.449979
          ],
          [
            -2.406714,
            49.449979
          ],
          [
            -2.413565,
            49.449979
          ],
          [
            -2.420417,
            49.449979
          ],
          [
            -2.427268,
            49.449979
          ],
          [
            -2.43412,
            49.449979
          ],
          [
            -2.440971,
            49.449979
          ],
          [
            -2.447823,
            49.449979
          ],
          [
            -2.454674,
            49.449979
          ],
          [
            -2.461525,
            49.449979
          ],
          [
            -2.468377,
            49.449979
          ],
          [
            -2.475228,
            49.454471
          ],
          [
            -2.48208,
            49.458962
          ],
          [
            -2.488931,
            49.458962
          ],
          [
            -2.495783,
            49.458962
          ],
          [
            -2.502634,
            49.458962
          ],
          [
            -2.509486,
            49.454471
          ],
          [
            -2.516337,
            49.449979
          ],
          [
            -2.523188,
            49.445488
          ],
          [
            -2.523501,
            49.44693
          ]
        ],
        "type": "LineString"
      },
      "properties": {
        "distance_km": 17.981,
        "distance_nm": 9.709,
        "dst_id": "St Peter Port",
        "pair_id": "Sark->St Peter Port",
        "reason": "validated_route",
        "src_id": "Sark",
        "state": "supported",
        "validation_authority": "GSHHG independent exact (RouteValidator STRtree + prepared intersects, coastal_tolerance_km=0.0)",
        "waypoint_count": 32
      },
      "type": "Feature"
    },
    {
      "geometry": {
        "coordinates": [
          [
            -2.105677,
            49.1667
          ],
          [
            -2.105251,
            49.167011
          ],
          [
            -2.112102,
            49.16252
          ],
          [
            -2.118954,
            49.16252
          ],
          [
            -2.125805,
            49.16252
          ],
          [
            -2.132657,
            49.16252
          ],
          [
            -2.139508,
            49.16252
          ],
          [
            -2.146359,
            49.16252
          ],
          [
            -2.153211,
            49.16252
          ],
          [
            -2.160062,
            49.16252
          ],
          [
            -2.166914,
            49.158028
          ],
          [
            -2.173765,
            49.158028
          ],
          [
            -2.180617,
            49.16252
          ],
          [
            -2.187468,
            49.16252
          ],
          [
            -2.194319,
            49.16252
          ],
          [
            -2.201171,
            49.167011
          ],
          [
            -2.201171,
            49.171503
          ],
          [
            -2.194319,
            49.175994
          ],
          [
            -2.191097,
            49.178204
          ]
        ],
        "type": "LineString"
      },
      "properties": {
        "distance_km": 9.394,
        "distance_nm": 5.073,
        "dst_id": "St Brelade",
        "pair_id": "St Aubin->St Brelade",
        "reason": "validated_route",
        "src_id": "St Aubin",
        "state": "supported",
        "validation_authority": "GSHHG independent exact (RouteValidator STRtree + prepared intersects, coastal_tolerance_km=0.0)",
        "waypoint_count": 17
      },
      "type": "Feature"
    },
    {
      "geometry": {
        "coordinates": [
          [
            -2.105677,
            49.1667
          ],
          [
            -2.105251,
            49.167011
          ],
          [
            -2.112102,
            49.16252
          ],
          [
            -2.118954,
            49.16252
          ],
          [
            -2.125805,
            49.16252
          ],
          [
            -2.132657,
            49.16252
          ],
          [
            -2.139508,
            49.16252
          ],
          [
            -2.146359,
            49.16252
          ],
          [
            -2.153211,
            49.16252
          ],
          [
            -2.160062,
            49.16252
          ],
          [
            -2.166914,
            49.158028
          ],
          [
            -2.173765,
            49.158028
          ],
          [
            -2.180617,
            49.16252
          ],
          [
            -2.187468,
            49.16252
          ],
          [
            -2.194319,
            49.16252
          ],
          [
            -2.201171,
            49.167011
          ],
          [
            -2.208022,
            49.167011
          ],
          [
            -2.214874,
            49.167011
          ],
          [
            -2.221725,
            49.167011
          ],
          [
            -2.228577,
            49.167011
          ],
          [
            -2.235428,
            49.171503
          ],
          [
            -2.24228,
            49.171503
          ],
          [
            -2.249131,
            49.171503
          ],
          [
            -2.255982,
            49.175994
          ],
          [
            -2.262834,
            49.180486
          ],
          [
            -2.262834,
            49.184977
          ],
          [
            -2.262834,
            49.189469
          ],
          [
            -2.262834,
            49.193961
          ],
          [
            -2.262834,
            49.198452
          ],
          [
            -2.255982,
            49.202944
          ],
          [
            -2.255982,
            49.207435
          ],
          [
            -2.255982,
            49.211927
          ],
          [
            -2.255982,
            49.216418
          ],
          [
            -2.255982,
            49.22091
          ],
          [
            -2.255982,
            49.225401
          ],
          [
            -2.255982,
            49.229893
          ],
          [
            -2.255982,
            49.234385
          ],
          [
            -2.262834,
            49.238876
          ],
          [
            -2.262834,
            49.243368
          ],
          [
            -2.262834,
            49.247859
          ],
          [
            -2.262834,
            49.252351
          ],
          [
            -2.262834,
            49.256842
          ],
          [
            -2.262834,
            49.261334
          ],
          [
            -2.262834,
            49.265825
          ],
          [
            -2.262834,
            49.270317
          ],
          [
            -2.269685,
            49.274809
          ],
          [
            -2.317645,
            49.301758
          ],
          [
            -2.317645,
            49.355657
          ],
          [
            -2.351903,
            49.391589
          ],
          [
            -2.358754,
            49.391589
          ],
          [
            -2.365605,
            49.391589
          ],
          [
            -2.372457,
            49.396081
          ],
          [
            -2.379308,
            49.396081
          ],
          [
            -2.38616,
            49.400572
          ],
          [
            -2.393011,
            49.400572
          ],
          [
            -2.399863,
            49.405064
          ],
          [
            -2.406714,
            49.405064
          ],
          [
            -2.48208,
            49.409555
          ],
          [
            -2.502634,
            49.432013
          ],
          [
            -2.509486,
            49.436505
          ],
          [
            -2.516337,
            49.440996
          ],
          [
            -2.523188,
            49.445488
          ],
          [
            -2.523501,
            49.44693
          ]
        ],
        "type": "LineString"
      },
      "properties": {
        "distance_km": 54.591,
        "distance_nm": 29.477,
        "dst_id": "St Peter Port",
        "pair_id": "St Aubin->St Peter Port",
        "reason": "validated_route",
        "src_id": "St Aubin",
        "state": "supported",
        "validation_authority": "GSHHG independent exact (RouteValidator STRtree + prepared intersects, coastal_tolerance_km=0.0)",
        "waypoint_count": 61
      },
      "type": "Feature"
    },
    {
      "geometry": {
        "coordinates": [
          [
            -2.191097,
            49.178204
          ],
          [
            -2.194319,
            49.175994
          ],
          [
            -2.201171,
            49.171503
          ],
          [
            -2.208022,
            49.167011
          ],
          [
            -2.214874,
            49.167011
          ],
          [
            -2.221725,
            49.167011
          ],
          [
            -2.228577,
            49.167011
          ],
          [
            -2.235428,
            49.171503
          ],
          [
            -2.24228,
            49.171503
          ],
          [
            -2.249131,
            49.171503
          ],
          [
            -2.255982,
            49.175994
          ],
          [
            -2.262834,
            49.180486
          ],
          [
            -2.262834,
            49.184977
          ],
          [
            -2.262834,
            49.189469
          ],
          [
            -2.262834,
            49.193961
          ],
          [
            -2.262834,
            49.198452
          ],
          [
            -2.255982,
            49.202944
          ],
          [
            -2.255982,
            49.207435
          ],
          [
            -2.255982,
            49.211927
          ],
          [
            -2.255982,
            49.216418
          ],
          [
            -2.255982,
            49.22091
          ],
          [
            -2.255982,
            49.225401
          ],
          [
            -2.255982,
            49.229893
          ],
          [
            -2.255982,
            49.234385
          ],
          [
            -2.262834,
            49.238876
          ],
          [
            -2.262834,
            49.243368
          ],
          [
            -2.262834,
            49.247859
          ],
          [
            -2.262834,
            49.252351
          ],
          [
            -2.262834,
            49.256842
          ],
          [
            -2.262834,
            49.261334
          ],
          [
            -2.262834,
            49.265825
          ],
          [
            -2.262834,
            49.270317
          ],
          [
            -2.269685,
            49.274809
          ],
          [
            -2.317645,
            49.301758
          ],
          [
            -2.317645,
            49.355657
          ],
          [
            -2.351903,
            49.391589
          ],
          [
            -2.358754,
            49.391589
          ],
          [
            -2.365605,
            49.391589
          ],
          [
            -2.372457,
            49.396081
          ],
          [
            -2.379308,
            49.396081
          ],
          [
            -2.38616,
            49.400572
          ],
          [
            -2.393011,
            49.400572
          ],
          [
            -2.399863,
            49.405064
          ],
          [
            -2.406714,
            49.405064
          ],
          [
            -2.48208,
            49.409555
          ],
          [
            -2.502634,
            49.432013
          ],
          [
            -2.509486,
            49.436505
          ],
          [
            -2.516337,
            49.440996
          ],
          [
            -2.523188,
            49.445488
          ],
          [
            -2.523501,
            49.44693
          ]
        ],
        "type": "LineString"
      },
      "properties": {
        "distance_km": 47.993,
        "distance_nm": 25.914,
        "dst_id": "St Peter Port",
        "pair_id": "St Brelade->St Peter Port",
        "reason": "validated_route",
        "src_id": "St Brelade",
        "state": "supported",
        "validation_authority": "GSHHG independent exact (RouteValidator STRtree + prepared intersects, coastal_tolerance_km=0.0)",
        "waypoint_count": 48
      },
      "type": "Feature"
    }
  ],
  "type": "FeatureCollection"
}
